{
"type": "FeatureCollection",
"name": "Refugio_Tracking_Line",
"crs": { "type": "name", "properties": { "name": "urn:ogc:def:crs:OGC:1.3:CRS84" } },
"features": [
{"type":"Feature","properties":{"id":null,"Name":"Track 1","descriptio":null,"timestamp":"2026-09-17T11:27:46","begin":null,"end":null,"altitudeMo":null,"tessellate":-1,"extrude":0,"visibility":-1,"drawOrder":null,"icon":null,"Descript_1":null,"pdfmaps_ph":null,"Issue Type":null,"Severity":null},"geometry":{"type":"MultiLineString","coordinates":[[[-120.114955122189002,34.470894124895402,32.6084594726562],[-120.114944744694,34.470915269803498,31.9995002746582],[-120.117508433379996,34.472393485575097,42.406600952148402],[-120.117514523401994,34.472418423005799,42.383285522460902],[-120.117570278285996,34.4724538460028,42.674022674560497],[-120.117623840293007,34.4724763949188,43.178421020507798],[-120.117676988474997,34.472502934600101,44.333820343017599],[-120.117750295904003,34.472537775712198,44.982166290283203],[-120.117796144341995,34.4725732271841,45.516017913818402],[-120.117854444531005,34.472620744468202,45.367973327636697],[-120.117956050531006,34.472697212797698,44.580009460449197],[-120.118004235048005,34.472789238553197,43.2150268554688],[-120.118123481015999,34.473009363207197,39.317981719970703],[-120.118140314071994,34.473179940480399,37.754966735839801],[-120.118202251944993,34.4733732441154,36.193595886230497],[-120.118256612242007,34.473573459035798,34.631618499755902],[-120.118337821412993,34.473791127048003,32.342769622802699],[-120.118473946815996,34.473998494554998,31.4648113250732],[-120.118547542613001,34.474237844496599,28.9635620117188],[-120.118611371851003,34.474609197502197,25.7338562011719],[-120.118576406502996,34.474859707922597,22.6661682128906],[-120.118538175937005,34.475017554213402,16.788379669189499],[-120.118566069340005,34.475096126817,17.748607635498001],[-120.118574850082993,34.475197511106202,17.657442092895501],[-120.118559164822003,34.475268484960999,17.775560379028299],[-120.118554566008001,34.475310412665898,17.584774017333999],[-120.11855454338,34.475343351155701,17.732688903808601],[-120.118549652300999,34.475365914120403,17.115400314331101],[-120.118557662336997,34.475391209750299,18.139497756958001],[-120.118536108742006,34.475410051440399,18.537290573120099],[-120.118533565728001,34.475443604246401,18.1269645690918],[-120.118508629168005,34.475450995269703,18.434123992919901],[-120.118496536980004,34.4754666526186,18.4743347167969],[-120.118470678129,34.475461994539202,19.549003601074201],[-120.118498530197002,34.475457637127498,19.041318893432599],[-120.118520794792005,34.475445698780099,19.314765930175799],[-120.118522619466006,34.4754259563041,18.725507736206101],[-120.118549896138006,34.4754078530366,19.514387130737301],[-120.118554829817,34.475377705678703,18.042360305786101],[-120.118557331429997,34.475351764742101,18.3628330230713],[-120.118547153115998,34.475331249958799,18.1284694671631],[-120.118545134428004,34.475307586086302,17.9695339202881],[-120.118550905434006,34.475289477644502,17.882238388061499],[-120.118554702514004,34.475265753736799,18.529619216918899],[-120.118533905226997,34.475273343734102,16.982713699340799],[-120.118541681371994,34.475295012096304,17.703987121581999],[-120.118552701282994,34.4753143325065,17.8190021514893],[-120.118562946539996,34.475331643375398,17.901512145996101],[-120.118585646910006,34.4753719514297,17.3918361663818],[-120.118581896034996,34.475397157149601,19.28342628479],[-120.118585023931999,34.4754176924367,18.023365020751999],[-120.118576013533001,34.475437277271702,18.604835510253899],[-120.118638180787997,34.475453561730703,19.004247665405298],[-120.118715909992005,34.475442005911603,19.757881164550799],[-120.118736671375999,34.475430295744999,20.1399955749512],[-120.118769896759005,34.475424528316999,20.712823867797901],[-120.118782035083996,34.475443896389599,21.653627395629901],[-120.118808528797999,34.475452177721202,20.0456027984619],[-120.118783738689004,34.475465319390104,21.6748962402344],[-120.118778460844993,34.4754948224898,23.395139694213899],[-120.118759778666998,34.4755151644218,23.996995925903299],[-120.118752889250999,34.475552146526702,25.277544021606399],[-120.118749570952005,34.475576295652303,26.474857330322301],[-120.118741951009,34.475599802872601,27.443101882934599],[-120.118713244827006,34.475625893636398,28.197360992431602],[-120.118708740968003,34.475650621031697,29.120384216308601],[-120.118734208296999,34.475671101046601,29.435037612915],[-120.118725277169005,34.475700255720199,29.7269382476807],[-120.118721229504004,34.4757228570138,30.362941741943398],[-120.118731854664006,34.475753365886497,30.852249145507798],[-120.118703906294996,34.475780418585401,30.801897048950199],[-120.118678438893994,34.475800743127301,30.931118011474599],[-120.118657506041004,34.475833548254002,30.8623657226562],[-120.118649584723997,34.475882065056702,30.502933502197301],[-120.118641732924004,34.475934673218397,30.158582687377901],[-120.118637610419995,34.476003900244201,30.2971706390381],[-120.118624243747007,34.476035827323301,30.543537139892599],[-120.118632440976,34.476082237142798,30.631404876708999],[-120.118643749246004,34.476127847980202,31.564998626708999],[-120.118664469554005,34.476170640363399,31.775722503662099],[-120.118678455378998,34.476219851673299,32.126827239990199],[-120.118687122951997,34.476278378984802,32.792068481445298],[-120.118670626858005,34.476328026819097,33.888805389404297],[-120.118672503491993,34.4763667928489,33.954872131347699],[-120.118674401503,34.476408196934003,33.801849365234403],[-120.118672832965999,34.476449681708203,33.608757019042997],[-120.118701537182005,34.476489044569703,33.864810943603501],[-120.118683153031995,34.476527144622402,34.476303100585902],[-120.118715231368,34.476567044408803,34.670581817627003],[-120.118716828393005,34.476608218044497,34.424495697021499],[-120.118739492198998,34.476639086346502,34.363582611083999],[-120.118747850115994,34.476675747228803,34.226608276367202],[-120.118752634114003,34.4767154371754,35.121089935302699],[-120.118744466128007,34.476756269501301,34.336631774902301],[-120.118776302840999,34.476795991094697,34.461143493652301],[-120.118794152619003,34.476836707809198,34.448444366455099],[-120.118817792761007,34.476880550950497,33.887493133544901],[-120.118827878730997,34.4769242940596,33.618942260742202],[-120.118832625562007,34.476967796227001,33.204296112060497],[-120.118840275417995,34.477014803488998,32.622283935546903],[-120.118841947223004,34.477057466454603,32.337188720703097],[-120.118858778001993,34.4770958684405,32.769218444824197],[-120.118873155965005,34.477135172385701,33.031681060791001],[-120.118892700773998,34.477176765338598,33.751937866210902],[-120.118909004450998,34.477213742113797,34.710475921630902],[-120.118920977816998,34.477251295064001,35.887866973877003],[-120.118910190399006,34.477277067136797,38.148757934570298],[-120.118932421552003,34.477292311546201,38.475128173828097],[-120.118916507768006,34.477312315090302,38.777545928955099],[-120.118933258707997,34.477324298097002,38.683437347412102],[-120.118908242556003,34.477317613218403,40.545475006103501],[-120.118918171565994,34.477299224993303,39.760746002197301],[-120.118919444010999,34.477279565596703,39.652538299560497],[-120.118926096856995,34.477301555860898,38.914443969726598],[-120.118920976077007,34.477336532280297,39.111438751220703],[-120.118928074669995,34.477311632461401,38.815139770507798],[-120.118913593596005,34.477293357631403,38.986892700195298],[-120.118905516078001,34.477270112725201,37.020534515380902],[-120.118883803196994,34.477209750281197,36.9926147460938],[-120.118841867393002,34.477131525318903,36.792285919189503],[-120.118839126527007,34.477049931077097,35.864871978759801],[-120.118842354769995,34.476980196987,34.4686088562012],[-120.118825022364007,34.476905108973199,33.083080291747997],[-120.118810407799003,34.476820956441401,31.423986434936499],[-120.118772515711996,34.476750250824402,30.707534790039102],[-120.118749978693003,34.4767429669824,30.249681472778299],[-120.118738132141004,34.476758302587299,31.732057571411101],[-120.118713191864998,34.476778895642703,31.1531887054443],[-120.118714212609007,34.476759382535299,30.9325656890869],[-120.118722949870005,34.476737454418902,31.760454177856399],[-120.118740600644998,34.476700712185703,31.2123413085938],[-120.118722791167002,34.476659158386497,30.763710021972699],[-120.118721717216005,34.4766252762075,33.486900329589801],[-120.118685795340994,34.476524365208903,32.688705444335902],[-120.118673398203001,34.476420023353199,30.675756454467798],[-120.118655188405,34.476288660612397,30.64182472229],[-120.118619271645002,34.476164444091403,29.928419113159201],[-120.118573696099006,34.476052023795297,28.853242874145501],[-120.118599705879006,34.4759345244683,28.532140731811499],[-120.118645831264999,34.475825841898299,27.014652252197301],[-120.118690752771997,34.475723713887703,26.077104568481399],[-120.118692461772,34.475657488610402,25.321231842041001],[-120.118703548341998,34.475576228933903,25.244859695434599],[-120.118743724878001,34.475479524184799,23.446681976318398],[-120.118765609806005,34.475434239555497,21.4945163726807],[-120.118696604655995,34.475397252584401,22.370038986206101],[-120.118585514781003,34.475423014790103,19.723451614379901],[-120.118595745378997,34.475443184146798,19.4046230316162],[-120.118616370620003,34.475431201416299,18.905054092407202],[-120.118591626292996,34.475427989820197,19.249015808105501],[-120.118569068870997,34.475416759563103,19.497127532958999],[-120.118555550891998,34.475357652371201,19.7112827301025],[-120.118562132085998,34.475316536404101,18.5724182128906],[-120.118559748080003,34.475251892806398,18.157041549682599],[-120.118568760421994,34.475161057742199,17.715002059936499],[-120.118566501616002,34.475089355719703,17.806928634643601],[-120.118533381280002,34.475012685629302,17.792425155639599],[-120.118538003647998,34.474947507448398,19.256965637206999],[-120.118578427271004,34.474858472086503,20.3860988616943],[-120.118568602227,34.474781743222103,20.709499359130898],[-120.118577637529995,34.474755666733998,20.2933044433594],[-120.118590755431001,34.474739975359299,21.067920684814499],[-120.118569482043,34.474749668141698,20.896802902221701],[-120.118576923087005,34.474777898454597,21.738330841064499],[-120.118561298166,34.474855951844503,20.367435455322301],[-120.118542628911001,34.474956224599801,19.650188446044901],[-120.118553250068999,34.4750670218057,19.367925643920898],[-120.118582671854,34.475175013982799,18.7760524749756],[-120.118582519561997,34.475256315822897,18.667360305786101],[-120.118578741275996,34.475337525333799,18.054603576660199],[-120.118586525957994,34.475364956330203,18.1979084014893],[-120.118587491998994,34.4753938679032,17.924360275268601],[-120.118599075237,34.475411887283698,18.51828956604],[-120.118626325272999,34.475426623817199,18.7809047698975],[-120.118656514918001,34.475429826869799,19.1505012512207],[-120.118687262867994,34.475434534150601,20.2483825683594],[-120.118656219960997,34.475438422468102,20.324216842651399],[-120.118623788864994,34.475437446477201,19.979709625244102],[-120.118567594926006,34.475415321141597,19.616535186767599],[-120.118542884617,34.475400114874297,19.338779449462901],[-120.118547790098006,34.475379757142598,18.976314544677699],[-120.118558161409993,34.4753556098701,17.432722091674801],[-120.118567772595,34.475315089307699,18.810716629028299],[-120.118571093995001,34.475277236580197,18.037544250488299],[-120.118573575778996,34.475239222097301,18.359443664550799],[-120.118582968397007,34.475198149969103,16.8482360839844],[-120.118572149475,34.475151606604101,16.540561676025401],[-120.118562751778001,34.4751015267436,17.433515548706101],[-120.118551136747001,34.475061738037503,17.6158256530762],[-120.118550477731006,34.475041569415801,17.8936157226562],[-120.118540997234007,34.475002331802102,18.526086807251001],[-120.118539059354006,34.474954745206396,19.128473281860401],[-120.118567577131998,34.4749104530596,18.5119018554688],[-120.118581059703999,34.474846511744197,19.669631958007798],[-120.118586281272002,34.474774651361201,20.766578674316399],[-120.118585607976996,34.474729033269902,21.285234451293899],[-120.118595438533006,34.474675207621701,21.373521804809599],[-120.118592430649997,34.474609603027901,22.021163940429702],[-120.118592754386,34.474568977576801,22.389772415161101],[-120.118593150780001,34.474528531371199,22.5080375671387],[-120.118596678461998,34.474470353231901,22.278131484985401],[-120.118583904041003,34.474405279049698,22.5890598297119],[-120.118567095952997,34.474336312697503,23.873598098754901],[-120.118554763402997,34.474284889354003,23.462709426879901],[-120.118551020625006,34.474241663513297,24.208869934081999],[-120.118530716850003,34.474201327659202,24.131666183471701],[-120.118512593842993,34.474153825749099,24.946163177490199],[-120.118490211544994,34.474096250081502,25.6947536468506],[-120.118468240816995,34.474034453076698,25.006664276123001],[-120.118447343270006,34.474001452225103,25.8089694976807],[-120.118422099623004,34.473956949515497,26.497749328613299],[-120.118406519578002,34.473910494299297,26.7206840515137],[-120.118376983185996,34.473865817709402,28.044435501098601],[-120.118365731238001,34.4738272330925,28.7787380218506],[-120.118358466516995,34.473785931666903,28.5813598632812],[-120.118333754738003,34.473747928361597,29.438184738159201],[-120.118319948985004,34.473708976625403,29.584474563598601],[-120.118302880041995,34.473667415839898,30.409132003784201],[-120.118286746631995,34.473621159352099,31.169126510620099],[-120.118272225861006,34.473579516734198,31.856624603271499],[-120.118258411458001,34.473537506989999,32.524707794189503],[-120.118247714605005,34.473486288028603,33.141811370849602],[-120.118230563580994,34.473426005341999,33.496620178222699],[-120.118214967200998,34.473396779382703,34.296676635742202],[-120.118202884189998,34.4733527327922,34.860908508300803],[-120.118195407239995,34.473304593120503,35.839736938476598],[-120.118182031714994,34.473253977764998,36.381748199462898],[-120.11817141297,34.473222419696498,36.44580078125],[-120.118168733542007,34.473187033238503,36.361221313476598],[-120.118156143234003,34.4731406599374,37.145660400390597],[-120.118149747673996,34.473086299037497,37.303298950195298],[-120.118144430293,34.473049278889199,37.531749725341797],[-120.118128219314997,34.473002961608202,37.590526580810497],[-120.118111913698002,34.472958100477001,37.659927368164098],[-120.118092711230005,34.472910043640603,37.727287292480497],[-120.118065616745,34.472853131204999,38.805854797363303],[-120.118040035077996,34.472804879408898,39.881210327148402],[-120.118022546930007,34.472771689379101,40.094242095947301],[-120.117999552346006,34.472733126725799,40.354076385497997],[-120.117965875710993,34.472695617756898,40.6911811828613],[-120.117924359015007,34.472652450908697,41.120731353759801],[-120.117879183585003,34.472626755791303,41.723484039306598],[-120.117832867955002,34.472602419938603,42.138172149658203],[-120.117785357087001,34.472580360637401,42.340919494628899],[-120.117723969959997,34.4725449194531,42.810493469238303],[-120.117683988327997,34.472520456030502,42.627445220947301],[-120.117627536289007,34.472492479746798,42.763339996337898],[-120.117560431201994,34.472461099143999,43.065868377685497],[-120.117497375078997,34.472430727384399,42.410018920898402],[-120.117398162784994,34.472388704239798,41.577247619628899],[-120.117276409688998,34.472322843015299,41.112930297851598],[-120.117192964924996,34.472276954169701,40.862926483154297],[-120.117024697516001,34.472102473461398,38.905231475830099],[-120.116916118922006,34.472039220160603,38.0123481750488],[-120.116805923848005,34.471972935065899,37.669879913330099],[-120.116681203035995,34.4719161401162,37.1618843078613],[-120.116561246054005,34.471852977477603,36.725574493408203],[-120.116438026365003,34.471787617348198,37.470569610595703],[-120.116266486141001,34.471705913669297,37.062671661377003],[-120.116103692489006,34.471621019830501,35.000537872314503],[-120.115921488712004,34.471562202330603,35.559146881103501],[-120.115745702686993,34.471454349845601,34.751747131347699],[-120.115591783897003,34.471362710678598,34.117130279541001],[-120.115439883056993,34.471258782224197,33.882610321044901],[-120.115351055149006,34.471208040755798,34.5654296875],[-120.115271449766993,34.4711628157619,33.936672210693402],[-120.115157117148996,34.471141873303303,34.813854217529297],[-120.115072505320995,34.471090456767698,32.880245208740199],[-120.115003688095996,34.471053639465602,33.157142639160199],[-120.114949712916001,34.471000845966998,32.552955627441399],[-120.114971865233002,34.470932115660702,33.371177673339801],[-120.115007986812003,34.470943640179698,34.560138702392599],[-120.114991365658994,34.470926225978403,33.975345611572301],[-120.114973715803004,34.470908313637601,33.620250701904297],[-120.114958374061004,34.4708942165948,30.857908248901399],[-120.114947158755996,34.470874703132502,31.6502685546875],[-120.114969435890998,34.470864859833902,31.2095241546631],[-120.114977914652002,34.470883047135999,31.3498420715332],[-120.114950385268997,34.470883334008803,31.949638366699201],[-120.114961430898006,34.470831919220103,33.067073822021499],[-120.114955930760004,34.470861739180599,31.829044342041001],[-120.114971482900003,34.470878581674299,31.9633903503418],[-120.114946739776002,34.470884061432301,32.830268859863303],[-120.114975320724,34.470881436884497,32.859809875488303],[-120.114984085296996,34.470905006576501,33.301509857177699],[-120.114963741759993,34.4708972787693,32.136188507080099],[-120.114996997972,34.470887829858803,31.240940093994102],[-120.115004670047995,34.470906570968403,30.515062332153299],[-120.114986894457999,34.4708956646936,31.7029705047607],[-120.114974002124001,34.4709151844743,31.888011932373001],[-120.114950259647998,34.470913301225004,32.3753471374512]]]}},
{"type":"Feature","properties":{"id":null,"Name":"Track 2","descriptio":null,"timestamp":"2026-09-17T12:33:41","begin":null,"end":null,"altitudeMo":null,"tessellate":-1,"extrude":0,"visibility":-1,"drawOrder":null,"icon":null,"Descript_1":null,"pdfmaps_ph":null,"Issue Type":null,"Severity":null},"geometry":{"type":"MultiLineString","coordinates":[[[-120.075039020095005,34.522979196360097,535.4814453125],[-120.075049388390994,34.522995781041402,536.94384765625],[-120.075048168280006,34.523041395342297,537.510437011718977],[-120.074997999084005,34.523109423214898,538.157775878906023],[-120.074947394538,34.523171008195902,537.981872558593977],[-120.074884936199993,34.523208508973703,537.142639160156023],[-120.074827612426006,34.523208660554403,536.513427734375],[-120.074772124153995,34.523183397177498,536.427551269531023],[-120.074751445527994,34.523121468508698,535.631774902343977],[-120.074742785172006,34.5230830544958,536.099914550781023],[-120.074703559545,34.523058792787801,536.476379394531023],[-120.074671976201003,34.523032106194599,536.079284667968977],[-120.074653154260005,34.5230206866229,536.426391601562045],[-120.074633980954999,34.523008508996902,537.768371582031023],[-120.074612657800003,34.522994965930799,539.491149902343977],[-120.074569680392997,34.523005216684801,539.478088378906023]]]}},
{"type":"Feature","properties":{"id":null,"Name":"Track 3","descriptio":null,"timestamp":"2026-09-17T12:36:35","begin":null,"end":null,"altitudeMo":null,"tessellate":-1,"extrude":0,"visibility":-1,"drawOrder":null,"icon":null,"Descript_1":null,"pdfmaps_ph":null,"Issue Type":null,"Severity":null},"geometry":{"type":"MultiLineString","coordinates":[[[-120.074275149426995,34.5230695046628,540.8427734375],[-120.074156556554996,34.523110109721301,540.366638183593977],[-120.074074598262996,34.523154280634898,540.765869140625],[-120.074021049994997,34.523256593125502,541.321228027343977],[-120.074006680476003,34.523318328824203,542.170593261718977],[-120.074005037347007,34.523390969010798,542.495239257812045],[-120.074010514533995,34.5234628829973,542.978759765625],[-120.073892657299993,34.523516638974101,544.572326660156023],[-120.073795577800993,34.523504424516801,545.239379882812045],[-120.073681386122004,34.523514977298099,546.398193359375],[-120.073558672811998,34.523502884043502,546.872436523437955],[-120.073425773145999,34.523482670107001,548.267333984375],[-120.073306812089996,34.523510980513599,549.790771484375],[-120.073170592674003,34.523522966796598,550.890197753906023],[-120.073034372167001,34.523558712534602,552.314514160156023],[-120.072918083747993,34.523621060013497,553.250732421875],[-120.072798405678,34.523680964931998,554.013000488281023],[-120.072693092622004,34.523748247591101,555.341979980468977],[-120.072593637788003,34.5238204228272,556.320861816406023],[-120.072519498828001,34.523916017737598,557.29541015625],[-120.072486337350995,34.523999787000797,558.372253417968977],[-120.072441841409002,34.524072485314697,559.105590820312045],[-120.072360201758997,34.524124406343098,560.785400390625],[-120.072266603776001,34.524183349371498,561.465393066406023],[-120.072185312342,34.524266757567901,562.027465820312045],[-120.072123507848005,34.524365380596997,563.202209472656023],[-120.072082949187006,34.524437009451802,564.684997558593977],[-120.072049262676003,34.524478241448797,565.221435546875],[-120.072019289142006,34.524498871871103,565.668640136718977],[-120.072008234357995,34.5245155624186,565.929443359375],[-120.071985147831995,34.524525658585297,566.189819335937955],[-120.071934903352997,34.5245495817557,566.63623046875],[-120.071855887089001,34.524575849920403,567.557373046875],[-120.071763417870002,34.524605335096098,567.934631347656023],[-120.071657108439993,34.524636404488,568.847045898437955],[-120.071576191963999,34.524653370521698,569.658935546875],[-120.071548615409995,34.524654656585,570.248046875],[-120.071531726646995,34.524673669030797,571.621643066406023],[-120.071509068531,34.524674462573202,575.722778320312045],[-120.071480649972997,34.524678258650802,575.616394042968977],[-120.071398361006004,34.524713087428701,576.752685546875],[-120.071321245451998,34.524758063493898,577.104064941406023],[-120.071250603905,34.524810850724698,577.814880371093977],[-120.071196641740997,34.5248476398177,577.295349121093977],[-120.071124714101003,34.524875966640799,578.565551757812045],[-120.071010907803,34.524858070221001,578.377624511718977],[-120.070906152091993,34.524812722369703,579.391235351562045],[-120.070814634434001,34.524742623426597,579.552062988281023],[-120.070714435485002,34.524680213363702,580.780029296875],[-120.070608741038001,34.524588539324498,581.307983398437955],[-120.070544831483005,34.524481970756902,582.649536132812045],[-120.070488037071996,34.524371728703798,584.8994140625],[-120.070391589690004,34.524281435493002,585.369567871093977],[-120.070277670875996,34.524200838364997,585.917907714843977],[-120.070139950211995,34.524164725758503,587.755432128906023],[-120.070028267482002,34.524113629250202,589.134765625],[-120.069915845341995,34.524074354159303,590.329040527343977],[-120.069796394633002,34.5240223414526,590.990539550781023],[-120.069679938478998,34.523964100768801,592.3720703125],[-120.069577853132003,34.523934558927401,592.545227050781023],[-120.069527463365006,34.523932389787603,592.822570800781023],[-120.069503531978995,34.523937828663897,592.952697753906023],[-120.069476070448999,34.5239313146513,592.654907226562045],[-120.069398247969005,34.523997796893603,593.759948730468977],[-120.069360197649004,34.524076434189702,594.835571289062045],[-120.069335801641998,34.524159214920701,596.061889648437955],[-120.069303937726005,34.524254379419801,597.360778808593977],[-120.069207578645006,34.524323111745304,598.415771484375],[-120.069079964283006,34.524365279935999,599.265930175781023],[-120.068982908067994,34.524403369643601,599.434143066406023],[-120.068919456266997,34.524430989881402,599.764831542968977],[-120.068866635264001,34.524494660773499,600.48095703125],[-120.068773996722996,34.524538733188699,599.155456542968977],[-120.068674908486997,34.524490894805098,599.485534667968977],[-120.068554179922998,34.524431046372598,599.312927246093977],[-120.068434273297996,34.524360308848003,600.144653320312045],[-120.068336509942995,34.524245789401803,602.047424316406023],[-120.068245970684998,34.5241647297958,602.498352050781023],[-120.068162837388996,34.524090383244797,602.671936035156023],[-120.068068968480006,34.524051835392697,603.071105957031023],[-120.067967674434001,34.524072291849599,603.217041015625],[-120.067895621912996,34.524136849692603,604.618408203125],[-120.067895452396996,34.524256530386502,605.537658691406023],[-120.067875975316994,34.524359373415699,606.394775390625],[-120.067837554037993,34.524445809036301,607.174011230468977],[-120.067808690104002,34.524500781903001,608.282592773437955],[-120.067754528652998,34.524583932651403,609.74267578125],[-120.067671674991004,34.524672617919897,611.052734375],[-120.067575138511003,34.524754828782797,612.615844726562045],[-120.067492933384003,34.524863091110497,613.067016601562045],[-120.067443564102007,34.524997808283501,613.794494628906023],[-120.067450717539003,34.525140547210697,615.201110839843977],[-120.067439544858004,34.525192242553601,616.369934082031023],[-120.067449785091995,34.525149946391998,616.436828613281023],[-120.067430579565993,34.525137987582397,616.504577636718977],[-120.067429712267,34.5251038834529,616.110412597656023],[-120.067420801904007,34.5250871403085,614.820983886718977],[-120.067438922622998,34.5251040686313,614.550170898437955],[-120.067431568111999,34.525160504598702,614.738708496093977],[-120.067434332925004,34.525223480849597,615.347473144531023],[-120.067447407553999,34.525274540448301,615.459716796875],[-120.067448016309001,34.525302085593403,615.776672363281023],[-120.067451364456005,34.525320301589403,615.892883300781023],[-120.067451968330005,34.525339066664301,613.934997558593977],[-120.067461108808999,34.525381260842003,616.139892578125],[-120.067448389795004,34.525448261032899,617.076782226562045],[-120.067454606303997,34.525532362477598,618.515502929687955],[-120.067456641036998,34.525630671116502,618.576599121093977],[-120.067434655376999,34.525740252619599,619.463989257812045],[-120.067386590110004,34.525852694726701,619.874633789062045],[-120.067301298679993,34.525970096353497,620.913391113281023],[-120.067198881330995,34.526067462814602,622.193542480468977],[-120.067085629944998,34.526143685487497,623.389953613281023],[-120.066993141040001,34.526208947954999,623.508972167968977],[-120.066955718596006,34.526239759598603,624.453674316406023],[-120.066937814650998,34.526351513413097,625.825988769531023],[-120.067025467280999,34.526445170145202,626.500122070312045],[-120.067129664191,34.526508730349803,627.23779296875],[-120.067221711022995,34.526603268472897,627.617553710937955],[-120.067315668852999,34.526700309700502,627.367553710937955],[-120.067342887796002,34.526795698822298,628.026428222656023],[-120.067231883486002,34.526855790044102,629.689331054687955],[-120.067145582364006,34.526921657585703,631.452331542968977],[-120.067033815505994,34.526982826644698,631.520141601562045],[-120.066839766295999,34.527097794513601,632.985656738281023],[-120.066611966796003,34.5271016313011,634.709350585937955],[-120.066392224517998,34.527190293385502,636.229553222656023],[-120.066284729662001,34.527419468137097,637.114929199218977],[-120.066223067882007,34.527642919255698,639.961608886718977],[-120.066177646903995,34.527812633029797,641.001770019531023],[-120.066132094734996,34.5279961117676,641.756408691406023],[-120.066117245924005,34.528178189965097,641.109924316406023],[-120.066115210565997,34.528338298889999,641.317810058593977],[-120.066067767435996,34.528473231131002,642.991516113281023],[-120.065994230908998,34.528553657366501,644.183471679687955],[-120.065956509971002,34.528623627955,644.514404296875],[-120.065943680255998,34.528678868991598,645.484191894531023],[-120.065971656512005,34.528787473805302,645.930541992187955],[-120.066045589968994,34.528905426491903,646.363403320312045],[-120.066134311295997,34.528975574339597,648.074829101562045],[-120.066238013879996,34.529016519395398,648.611755371093977],[-120.066305526190007,34.529013428257002,648.81494140625],[-120.066399721815003,34.529018695509798,649.26025390625],[-120.066520669658004,34.529046138394001,649.693603515625],[-120.066630708947002,34.529087005540198,649.972595214843977],[-120.066732798144997,34.529144117105901,650.912353515625],[-120.066740543627006,34.529219062278997,651.266479492187955],[-120.066686115143,34.529290422965097,651.906005859375],[-120.066597469919003,34.529379108368403,651.880493164062045],[-120.066531319006998,34.529475533740801,652.992126464843977],[-120.066501232015,34.529572364164203,654.401306152343977],[-120.066489542388993,34.5296868996586,655.393615722656023],[-120.066487770462999,34.529792031921701,655.39208984375],[-120.066407980161003,34.529850801679103,655.996337890625],[-120.066332548187006,34.5299301409568,657.438781738281023],[-120.066263734787,34.5300198378171,658.347900390625],[-120.066222714708999,34.5301079409655,659.109436035156023],[-120.066204514500996,34.530185852953103,659.9736328125],[-120.066192805696005,34.530266929649301,660.030700683593977],[-120.066186335891004,34.530343104992802,660.36865234375],[-120.066153769311995,34.530425670841097,660.747131347656023],[-120.066090370363,34.530490891369404,661.493469238281023],[-120.066016210227005,34.5305304058597,662.381164550781023],[-120.065968409529006,34.530559806619202,662.655700683593977],[-120.065950630569006,34.5305707419285,663.574462890625],[-120.065951432575005,34.5305910078322,665.294006347656023],[-120.065930322694996,34.530586061707801,666.862426757812045],[-120.065896404623004,34.530610644987497,666.960266113281023],[-120.065842075936999,34.530667968075697,667.51025390625],[-120.065781089165,34.530749239336899,668.0859375],[-120.065725705963004,34.530843821961597,669.044616699218977],[-120.065725799722998,34.530949296529698,669.769348144531023],[-120.065758653489993,34.531067565354,670.702392578125],[-120.065780624254003,34.531130831760102,670.156188964843977],[-120.065802865324002,34.531143262286697,667.348815917968977],[-120.065831022935001,34.531200893781303,667.795349121093977],[-120.065857488942996,34.531276944058199,669.08203125],[-120.065877838169001,34.531353964165397,669.129577636718977],[-120.065881902805998,34.531409592908702,669.3828125],[-120.065873186127007,34.531462836576303,670.007263183593977],[-120.065818830031006,34.531484569669402,670.746459960937955],[-120.065759227545001,34.5315007317949,672.145202636718977],[-120.065661125679,34.531498612140503,674.22265625],[-120.065560738613001,34.531467673236001,675.192993164062045],[-120.065437443725997,34.531441924006501,676.246337890625],[-120.065335171162999,34.5314349137522,676.461242675781023],[-120.065233463099005,34.531455082366797,676.820678710937955],[-120.065132630725003,34.531532180284302,676.802551269531023],[-120.064981985288995,34.531540917430803,677.993286132812045],[-120.064849422484997,34.5315592335837,678.262817382812045],[-120.064705761691002,34.531606671312602,678.866271972656023],[-120.064591250464005,34.531655014936199,678.496154785156023],[-120.064486806898998,34.531689116344097,680.116638183593977],[-120.064370187646006,34.531691290006798,680.263610839843977],[-120.064235644576002,34.531676325856203,681.001953125],[-120.064097072557004,34.531654836399397,682.180786132812045],[-120.063949273161001,34.531601372244602,682.585876464843977],[-120.063774253402997,34.531583534907803,683.227355957031023],[-120.063636595456998,34.531635622030997,684.454528808593977],[-120.063610660790005,34.531774916260801,684.912109375],[-120.063699328002997,34.531913062812301,685.019104003906023],[-120.063702397743,34.531942161594202,684.604064941406023],[-120.063700849433005,34.531977058481097,685.33642578125],[-120.063715524510997,34.5319932779665,684.28857421875],[-120.063729465351003,34.5320156838674,684.898376464843977],[-120.063720808254004,34.531991573344598,685.093139648437955],[-120.063715609965001,34.532028684020702,685.080017089843977],[-120.063721392630001,34.5320895023101,684.965881347656023],[-120.063654867216997,34.532181367354902,685.275634765625],[-120.063504144963005,34.532176699808801,685.910888671875],[-120.063357784104994,34.532132916368703,686.879699707031023],[-120.063183075821001,34.532089549082599,685.928283691406023],[-120.063023039667996,34.532094407839402,685.8095703125],[-120.062965835756998,34.532110334753199,685.251953125],[-120.062988546282,34.532109906638503,686.421264648437955],[-120.063015499773996,34.532087004373501,685.933898925781023],[-120.063036938010995,34.532083135158103,685.539245605468977],[-120.063077107560005,34.532077198829199,686.241760253906023],[-120.063077460461002,34.5320958323912,686.174133300781023],[-120.063091443953994,34.532081807614297,686.371459960937955],[-120.063080853830002,34.532098233726003,685.473693847656023],[-120.062979748276007,34.532100601398497,684.748229980468977],[-120.062880014685007,34.5321826896608,685.034423828125],[-120.062771932347005,34.532272084774299,685.676025390625],[-120.062682421806002,34.532377917317802,686.309509277343977],[-120.062568130531005,34.532575088890397,687.695373535156023],[-120.062462054681006,34.5327514985646,688.065002441406023],[-120.062427051526001,34.532973497660699,687.852355957031023],[-120.062430919684004,34.5331460405854,687.366088867187955],[-120.06236404773,34.533285728286899,688.352416992187955],[-120.062288758644002,34.533395284831499,687.842102050781023],[-120.062223665114999,34.533487647357397,687.141723632812045],[-120.062192666271002,34.533535725824798,686.879760742187955],[-120.062162377619003,34.5335521640813,687.107116699218977],[-120.062087783294999,34.533545892616303,685.917602539062045],[-120.061979648938006,34.533534257855798,685.982788085937955],[-120.061886976346003,34.533517095583903,686.52734375],[-120.061785994147996,34.533493847621003,686.973266601562045],[-120.061659488386994,34.533477515030498,687.106689453125],[-120.061533921277004,34.5334718752244,686.989929199218977],[-120.061410854311006,34.533478721200197,687.443603515625],[-120.061299741425003,34.533487717362704,688.44482421875],[-120.061204915179005,34.533490204004501,689.299499511718977],[-120.061101266343996,34.533484330596302,690.314514160156023],[-120.060993229347005,34.533430416602599,690.263854980468977],[-120.060887797025998,34.5333608175102,690.707641601562045],[-120.060793979343998,34.533285529332097,690.559448242187955],[-120.060699837480001,34.533189478051199,690.607238769531023],[-120.060581832832,34.533099146489803,691.682373046875],[-120.060465698170006,34.5330176187666,692.437561035156023],[-120.060343475186997,34.532943031742597,692.444030761718977],[-120.060211448583004,34.532864436704998,692.410888671875],[-120.060091459565001,34.532808622900703,693.138793945312045],[-120.059949194002996,34.532744897056602,694.191040039062045],[-120.059810208019996,34.532684302030397,695.303771972656023],[-120.059690572988004,34.532614828773298,696.432006835937955],[-120.059570762627999,34.532564152049801,697.365844726562045],[-120.059456475424994,34.532562238266699,697.849731445312045],[-120.059323485532005,34.532585200052402,697.209167480468977],[-120.059267037533999,34.532705813503497,699.567321777343977],[-120.059255796464001,34.532796875415599,701.521240234375],[-120.059239155916998,34.532892798584903,702.985656738281023],[-120.0592218261,34.532990106917197,704.444091796875],[-120.059203187936006,34.533088562481602,706.185913085937955],[-120.059168110564002,34.533176894580002,707.26416015625],[-120.059140473670993,34.533261249725101,708.0400390625],[-120.059119178811997,34.533326247298099,708.982482910156023],[-120.059105504201995,34.5333679858471,709.75390625],[-120.059097046142,34.533393802096803,710.334594726562045],[-120.059078266640995,34.533425986163103,709.128234863281023],[-120.059050461924997,34.533480296576101,710.497497558593977],[-120.059013860402004,34.533548371626303,711.879150390625],[-120.058973265717,34.533619031682797,712.291870117187955],[-120.058919344706993,34.533695558906601,712.395812988281023],[-120.058851062623006,34.5337748923791,713.454833984375],[-120.058776781473995,34.533858336994001,714.770324707031023],[-120.058720065638994,34.533949657876398,716.003112792968977],[-120.058637620431,34.534014665223403,717.233337402343977],[-120.058594454905005,34.534105749514502,718.119567871093977],[-120.058556892899006,34.534198096234903,719.412658691406023],[-120.058518034862004,34.534288965118101,720.828796386718977],[-120.058474121505,34.534385804831402,722.374084472656023],[-120.058427090417993,34.534492491254802,723.655517578125],[-120.058384309557994,34.534598339336497,723.927124023437955],[-120.058333347505993,34.534667285672498,724.6318359375],[-120.058315600420002,34.534720226420603,724.546325683593977],[-120.058297464492995,34.534796682063799,725.017272949218977],[-120.058282963321005,34.534881307437303,725.95556640625],[-120.058260487539997,34.534966765582702,726.723999023437955],[-120.058227321122999,34.535048721653297,726.802917480468977],[-120.058168371321997,34.535123747928502,727.979431152343977],[-120.058051714144,34.535184881856097,728.30615234375],[-120.057932488706996,34.535238184521504,729.351806640625],[-120.057809615148003,34.535289224833399,730.294311523437955],[-120.057686676325005,34.535334624160697,731.367004394531023],[-120.057574577856997,34.535367562589201,732.083740234375],[-120.057462020995004,34.535393592988598,732.485168457031023],[-120.057336886342995,34.535338808465298,732.931274414062045],[-120.057208378582999,34.535303193466497,733.641235351562045],[-120.057091180067005,34.535254957497699,734.131896972656023],[-120.056971536903006,34.5352242996901,734.854309082031023],[-120.056873569258002,34.535184552840803,736.071960449218977],[-120.056793494214006,34.535106465219599,737.070190429687955],[-120.056776125989998,34.534992242819399,737.065002441406023],[-120.056759847375005,34.534870881672099,737.540832519531023],[-120.056649292081005,34.534773447372203,738.317626953125],[-120.056578206208002,34.534697486466797,738.740661621093977],[-120.056562782884995,34.5346842066986,738.482360839843977],[-120.056544091535997,34.534666084712597,738.674621582031023],[-120.056492058949004,34.534615769089598,738.521789550781023],[-120.056445968476993,34.5345550618365,739.281860351562045],[-120.056429437972994,34.534482366609197,739.385009765625],[-120.056407629271007,34.534376024201102,739.24072265625],[-120.056323831975007,34.534246891714901,739.564086914062045],[-120.056221479384007,34.534167210629903,740.140747070312045],[-120.056082679092995,34.534154133804201,740.207702636718977],[-120.05598044928,34.534166677725501,740.94873046875],[-120.055839212058999,34.534169935258298,741.008178710937955],[-120.055704125465994,34.534173470981401,741.240112304687955],[-120.055588890351004,34.534171479242602,741.953857421875],[-120.055565147370999,34.5341705383766,742.270385742187955],[-120.055543150369999,34.534167751310001,744.087219238281023],[-120.055511770156002,34.534164535318901,742.545166015625],[-120.055441029571995,34.534154651445299,741.652648925781023],[-120.055349200600006,34.534138802361298,742.490112304687955],[-120.055249248506996,34.534117748951999,743.30322265625],[-120.055150631171003,34.534094763787699,743.742309570312045],[-120.055045528655,34.534057696709901,744.231506347656023],[-120.054958995842,34.534007644534299,744.879150390625],[-120.054891629191005,34.533942394093799,745.645568847656023],[-120.054824704821996,34.533853566870597,745.697021484375],[-120.054748097268003,34.533757064690903,746.053894042968977],[-120.054684252784,34.533684405955697,746.845642089843977],[-120.054599054426006,34.533605034534702,746.932006835937955],[-120.054522546713002,34.533547179975997,747.617370605468977],[-120.054459423352995,34.533498284203397,748.399108886718977],[-120.054379822325004,34.533449561884701,748.789733886718977],[-120.054258955050997,34.533424068851197,749.218994140625],[-120.054175923494995,34.533417367553803,749.786682128906023],[-120.054102849337994,34.533422734622498,750.771057128906023],[-120.053993841345999,34.533496727860602,751.817993164062045],[-120.053947552566996,34.533554900362198,752.20849609375],[-120.053919866732002,34.533592192287003,752.833374023437955],[-120.053890914793996,34.533621712732803,753.336059570312045],[-120.053852616704006,34.533665335474197,755.609680175781023],[-120.053809209042996,34.533724984536498,757.487548828125],[-120.053779154438004,34.533774830570103,759.587707519531023],[-120.053713878455994,34.533815718890502,760.837219238281023],[-120.053638746237993,34.533873623047903,760.982360839843977],[-120.053532715135006,34.533897861809599,761.228332519531023],[-120.053403445447998,34.533905217877397,761.950378417968977],[-120.053269039358995,34.533922153153298,762.01953125],[-120.053162927041001,34.5339319199785,763.048034667968977],[-120.053044675861997,34.533972558653304,763.054138183593977],[-120.052936247258003,34.5340209916505,764.486511230468977],[-120.052860740501998,34.534042022872796,764.197448730468977],[-120.052806339748997,34.534083278878299,764.051391601562045],[-120.052756651042003,34.534141806166602,764.808471679687955],[-120.052717434152996,34.534211661485003,765.783996582031023],[-120.052692985918995,34.534309591143703,766.340759277343977],[-120.052686454718,34.534435454926403,767.305114746093977],[-120.052722627175996,34.534571364862202,769.72021484375],[-120.052789210540993,34.534697228259198,770.938232421875],[-120.052849875991001,34.534795167495901,771.561157226562045],[-120.052884439809006,34.534875225677801,771.507629394531023],[-120.052916892856999,34.534964338195898,771.482421875],[-120.052947048101004,34.535067040589098,772.356384277343977],[-120.052962440927004,34.535167334219402,772.984375],[-120.052976981393996,34.535275266466101,774.720825195312045],[-120.052964116048997,34.535367595958199,775.688659667968977],[-120.052931786597,34.535469006070699,776.747497558593977],[-120.052811519266001,34.535553286655897,777.559143066406023],[-120.052673319020997,34.535622958449402,778.263549804687955],[-120.052469720120996,34.535658890520502,778.513488769531023],[-120.052358429199003,34.535664341007603,778.301818847656023],[-120.052249613862998,34.535720205449898,778.658569335937955],[-120.052147166192,34.535793874147799,778.997985839843977],[-120.052095113250999,34.535854815326701,780.087463378906023],[-120.052050228542001,34.535933241680098,780.519592285156023],[-120.051988760512003,34.5360220737535,781.071899414062045],[-120.051915863098003,34.536093592615103,781.541870117187955],[-120.051873647047998,34.536130083939,782.30615234375],[-120.051851438624993,34.536143770529897,781.426879882812045],[-120.051829816227993,34.536157095984997,781.14208984375],[-120.051772027463997,34.536187730870502,781.769165039062045],[-120.051683607350995,34.536248936462798,782.156311035156023],[-120.051602093944993,34.536330770509402,783.028747558593977],[-120.051560169794996,34.536393524131903,783.441040039062045],[-120.051534857093998,34.536430046769198,783.957336425781023],[-120.051513558478007,34.536460777606599,784.351257324218977],[-120.051502348292004,34.536477614534597,784.772277832031023],[-120.051481302512002,34.5365097329666,785.456726074218977],[-120.051443503749994,34.536604855987797,786.25341796875],[-120.051434169386994,34.536696334399501,786.990539550781023],[-120.051447770745995,34.536791917905703,788.667724609375],[-120.051424918335002,34.536864465183001,790.084594726562045],[-120.051357052314003,34.536922296615003,791.706726074218977],[-120.051252150083002,34.5369378109922,792.919494628906023],[-120.051098159188001,34.5369521160885,794.39501953125],[-120.050970901694996,34.536978916049499,795.140625],[-120.050867076231,34.537014313495597,796.343933105468977],[-120.050750955263993,34.537063774241297,797.980163574218977],[-120.050617086036993,34.537111182968701,799.294799804687955],[-120.050383447708995,34.5371515467167,801.773315429687955],[-120.050223273434995,34.537133549778098,803.643981933593977],[-120.050069326656001,34.537144410308599,804.550720214843977],[-120.049942520366002,34.537085375683503,805.660583496093977],[-120.049844034228997,34.536983338359299,806.660095214843977],[-120.049806218504003,34.536854825594801,807.923461914062045],[-120.049826070769001,34.536680601097899,810.111389160156023],[-120.049798883701001,34.536601053790697,811.56494140625],[-120.049727505438995,34.536537438309402,812.368041992187955],[-120.049634462615998,34.536496329364603,813.380920410156023],[-120.049530386640001,34.536463603936198,814.23095703125],[-120.049420021724998,34.536430931894799,814.812683105468977],[-120.049305193926998,34.536400888170697,815.588745117187955],[-120.049181446703997,34.536398267988702,816.892944335937955],[-120.049078253754004,34.536398325270802,817.714111328125],[-120.049052917468003,34.536403786874203,817.831298828125],[-120.049023028715993,34.536402718946903,817.804016113281023],[-120.048977579386005,34.536395368384099,817.840881347656023],[-120.048912812300998,34.536366547031598,818.126159667968977],[-120.048857458447003,34.536298186795598,818.980590820312045],[-120.048803620491995,34.536220491219702,820.183410644531023],[-120.048714285068002,34.536169109731098,821.27978515625],[-120.048600124705004,34.536170378203501,822.031555175781023],[-120.048480704553,34.536170013058097,822.254089355468977],[-120.048365847146002,34.536123202857802,822.93896484375],[-120.048264231348,34.536065602412997,824.484619140625],[-120.048167006932005,34.536062268341396,824.658447265625],[-120.048112100661001,34.536078552988798,825.766235351562045],[-120.048086297306995,34.536094197865303,825.991149902343977],[-120.048047772399002,34.5361081396969,826.17041015625],[-120.048011398281005,34.536128372989701,826.692321777343977],[-120.047999273754002,34.536224718461199,827.044982910156023],[-120.047971230859005,34.536287021701703,827.489624023437955],[-120.047923289655998,34.536349454976701,828.307434082031023],[-120.047854423594003,34.536393766395001,828.750305175781023],[-120.047771475431006,34.536417091848399,829.054626464843977],[-120.047652760226001,34.536437024809402,828.939697265625],[-120.047501395539001,34.5364054064855,829.847045898437955],[-120.047345461139003,34.536357555427102,831.31494140625],[-120.047174703286004,34.536313755818703,832.407409667968977],[-120.046996947387001,34.536264772515203,833.627197265625],[-120.046817896255007,34.536213920972799,834.873962402343977],[-120.046648082507005,34.5361605584567,835.498291015625],[-120.046528147787001,34.536114657966202,835.708801269531023],[-120.046432401250996,34.536065530170497,836.071960449218977],[-120.046320613782001,34.535993102324902,837.564147949218977],[-120.046192323130001,34.535926533513297,839.120239257812045],[-120.046055795607003,34.5358924250678,839.7763671875],[-120.045949770839997,34.535870120174799,840.75830078125],[-120.045878135871007,34.535792641583399,841.306335449218977],[-120.045816163411999,34.535693768757,842.0478515625],[-120.045741205824996,34.535599427172599,842.796142578125],[-120.045644404052993,34.535517121269699,843.935974121093977],[-120.045528427972997,34.535470469655102,845.300659179687955],[-120.045410812035996,34.5354603331877,846.31884765625],[-120.045233274629993,34.5354789301662,847.859375],[-120.045053080757995,34.5355202475995,849.34130859375],[-120.044882784091001,34.535552625498198,851.220092773437955],[-120.044677150054,34.535544718971501,852.223815917968977],[-120.044463953866,34.535533957508697,854.286010742187955],[-120.044341407003003,34.535519563116303,855.827575683593977],[-120.044213346622001,34.535509391350999,856.953552246093977],[-120.044072196749994,34.535519056450397,857.591186523437955],[-120.043919051897007,34.535516061214899,857.889587402343977],[-120.043779901234004,34.535526718160298,859.084411621093977],[-120.043653557081996,34.535495685844502,860.4111328125],[-120.043565364293997,34.5354365498021,861.301025390625],[-120.043547514062993,34.535351555058803,861.432800292968977],[-120.043640106650003,34.535254197565799,862.303833007812045],[-120.043716976949,34.535174309467003,864.205688476562045],[-120.043764053272,34.5350611371911,864.677185058593977],[-120.043721563188996,34.534940690860203,865.261047363281023],[-120.043608031895005,34.5348499171794,865.439208984375],[-120.043503383903996,34.534770629998803,866.328491210937955],[-120.043422813826993,34.534693667487502,866.037536621093977],[-120.043342012690005,34.534603315694802,867.661987304687955],[-120.043248956276003,34.534518557794897,869.087219238281023],[-120.043113057940005,34.534458126971401,870.193603515625],[-120.042958498754004,34.534404589211498,871.070251464843977],[-120.042803440067004,34.534354988452797,872.74755859375],[-120.042656955439,34.534320758816101,874.404541015625],[-120.042524126619995,34.534302839500299,874.397155761718977],[-120.042393118603002,34.534235645664999,875.309143066406023],[-120.042281348504005,34.534160449823801,876.826293945312045],[-120.042163440579003,34.534085230057002,877.749816894531023],[-120.042031975737999,34.5340168039885,878.939453125],[-120.041903948121004,34.533976475799101,880.150024414062045],[-120.041799599669005,34.533939825438999,880.035949707031023],[-120.041668945202005,34.533885932738301,880.544372558593977],[-120.041534099250995,34.533812611919799,881.843017578125],[-120.041411272855996,34.533741079889303,883.044128417968977],[-120.041286888390999,34.5336803462069,884.302795410156023],[-120.041189549883001,34.533642041223999,884.180114746093977],[-120.041113189700994,34.533586623156701,884.577331542968977],[-120.041028594560998,34.533505978137001,885.682312011718977],[-120.040894889742006,34.533445777668398,886.355346679687955],[-120.040753538364001,34.533407355468398,887.528381347656023],[-120.040649324878004,34.533404674947199,888.256103515625],[-120.040591014938002,34.5334206788351,888.070922851562045],[-120.040556280190003,34.533429039230803,888.257019042968977],[-120.040537612745993,34.533439178080897,888.071838378906023],[-120.040517977185999,34.53345122204,886.650634765625],[-120.040443276195006,34.533472072388101,886.781066894531023],[-120.040343296371006,34.533509300019603,887.142700195312045],[-120.040220801635996,34.533537662897899,887.144470214843977],[-120.040086930504003,34.5335503826728,888.295349121093977],[-120.039950620626996,34.533503072741603,889.975891113281023],[-120.039812850800999,34.533441442130801,890.484558105468977],[-120.039682735674006,34.533367445650001,890.734619140625],[-120.039563106387007,34.533278433910901,891.869567871093977],[-120.039459521287995,34.5331642407521,893.258850097656023],[-120.039349119896002,34.5330643010697,894.441101074218977],[-120.039194390850994,34.5329913304125,895.318908691406023],[-120.039018795556998,34.532930447841103,896.167541503906023],[-120.038854561096002,34.532845270620101,898.028503417968977],[-120.038764375797001,34.532767684213397,899.517639160156023],[-120.038726513816002,34.532696008102,898.809204101562045],[-120.038710543628,34.532578354178,899.706848144531023],[-120.038703996636997,34.532443520733501,900.738586425781023],[-120.038697402009007,34.532304396294499,901.766235351562045],[-120.038645710221999,34.532187760286398,902.162902832031023],[-120.038529199175002,34.532105949707002,903.179809570312045],[-120.038423575506997,34.532036009506498,903.735717773437955],[-120.03834441475,34.531964296874797,904.366455078125],[-120.038249679154006,34.531876729083997,906.336242675781023],[-120.038114603918004,34.531812624571799,907.181762695312045],[-120.038004525977996,34.531752476968599,907.431457519531023],[-120.037929192990006,34.531668716930803,907.577453613281023],[-120.037855592566999,34.531549393977897,908.677062988281023],[-120.037763358692999,34.531423593641499,909.86376953125],[-120.037661647950003,34.531296017385898,910.768737792968977],[-120.037535338165,34.531185293314103,912.249816894531023],[-120.037389474326005,34.531097541529803,912.849304199218977],[-120.037258184823997,34.531027085171601,913.08349609375],[-120.037155828725005,34.5309482207306,913.165283203125],[-120.037064050704004,34.530855195441198,913.575134277343977],[-120.036946162117005,34.530765362977597,914.463439941406023],[-120.036804719928,34.530674327028997,915.439270019531023],[-120.036653274786005,34.530603692381902,916.194274902343977],[-120.036536558890006,34.530526778997398,916.293884277343977],[-120.036424598088999,34.530436454671197,917.739379882812045],[-120.036312076841995,34.530334370427802,918.363952636718977],[-120.036243601493993,34.530230635618501,918.7861328125],[-120.036181145827996,34.530131078274103,920.147338867187955],[-120.036083956465006,34.530062979976798,921.071533203125],[-120.035953470660999,34.530025769751902,921.852600097656023],[-120.035798839853996,34.530038308603999,922.801025390625],[-120.035649657649003,34.530064452567899,923.835144042968977],[-120.035520913682006,34.530092755184299,924.50439453125],[-120.035415208231001,34.530125266272698,925.16845703125],[-120.035328954169003,34.530152781178998,926.155883789062045],[-120.035226824936004,34.530176647324303,927.076721191406023],[-120.035060286065999,34.5301658905084,928.537536621093977],[-120.034968126918997,34.530131697230502,928.621948242187955],[-120.034894167914999,34.530081435791303,929.252258300781023],[-120.034732492916007,34.530008998924899,931.010498046875],[-120.034594904960997,34.529955930706002,931.756652832031023],[-120.034435771938007,34.529920199038401,932.896240234375],[-120.034288714219997,34.529841916856803,934.143493652343977],[-120.034166878011007,34.529761769335899,935.1455078125],[-120.034083259561996,34.529670479477701,935.146850585937955],[-120.033988388889,34.529591579356101,936.702453613281023],[-120.033886973633003,34.529526587399801,937.688110351562045],[-120.033748496266995,34.529515643131603,938.5595703125],[-120.033650918879999,34.529556813744897,938.718994140625],[-120.033595034515002,34.529617054751299,938.849670410156023],[-120.033594075050004,34.5297250117614,939.423034667968977],[-120.033645907823995,34.529828677370503,939.881896972656023],[-120.033683810729002,34.529920784234001,940.769470214843977],[-120.033738346573998,34.530065872084101,942.164428710937955],[-120.033816061156998,34.530171199388398,943.806579589843977],[-120.033931234725998,34.530244570686698,945.094909667968977],[-120.034050261128996,34.530300204016903,945.714904785156023],[-120.034149740542006,34.530355063461997,946.353149414062045],[-120.034213585616996,34.5304187373277,947.258056640625],[-120.034253914923994,34.530473306627201,947.848022460937955],[-120.034275218532997,34.530513864610299,948.003479003906023],[-120.034291092830998,34.530550162583602,948.0478515625],[-120.034298646577,34.530568185002899,948.768249511718977],[-120.034328360610004,34.530648364329103,948.495178222656023],[-120.034352220068001,34.5307310871532,949.229125976562045],[-120.034361367469003,34.530790369499897,949.364135742187955],[-120.034364100827005,34.530818675389099,950.523254394531023],[-120.034369367680995,34.530932502230897,951.892578125],[-120.034381601985999,34.531038337754502,952.293334960937955],[-120.034381643984005,34.5311569696105,954.055419921875],[-120.034344898073002,34.531294741092402,956.200744628906023],[-120.034341347907997,34.531385198379397,956.102355957031023],[-120.034393670856005,34.531481692001101,957.198974609375],[-120.034448188118006,34.531554971468601,957.227416992187955],[-120.034483531465,34.531603984701803,956.959533691406023],[-120.034502451970994,34.531650459947599,957.606384277343977],[-120.034502652689,34.531717943118899,957.32275390625],[-120.034460589171999,34.531787136323302,957.755615234375],[-120.034423260451007,34.531870628487297,959.406311035156023],[-120.034387911882007,34.531963973148898,961.009582519531023],[-120.034348343396999,34.532060815837902,961.194152832031023],[-120.034323083347005,34.532101822243099,961.304382324218977],[-120.034289166603998,34.532130377588899,961.918640136718977],[-120.034206142220995,34.532157667650502,961.848510742187955],[-120.034089982750004,34.532195750907299,962.648254394531023],[-120.033983175535994,34.532243441457901,963.457702636718977],[-120.033902385440001,34.532320914878298,964.288146972656023],[-120.033869796616997,34.532431475484898,964.979553222656023],[-120.033860874157995,34.532530793776097,966.150024414062045],[-120.033843302159994,34.532616651473397,965.159851074218977],[-120.033810512119004,34.532717379340902,966.466186523437955],[-120.033812976186994,34.532824548676302,967.4541015625],[-120.033839509342997,34.532932206987397,968.599060058593977],[-120.033894523078004,34.5330369498366,968.694702148437955],[-120.033967408634993,34.533151215001901,969.471130371093977],[-120.034053213636,34.533260250129103,970.105712890625],[-120.034137860325998,34.533356168294702,970.747192382812045],[-120.034188028854999,34.533434399727497,971.543762207031023],[-120.034199928030006,34.533518073506997,972.412780761718977],[-120.034198090716998,34.5336168439133,972.987976074218977],[-120.034194591740004,34.533684927237097,973.261108398437955],[-120.034185367785,34.533725258254101,973.029235839843977],[-120.034169127728006,34.533760385601099,973.437316894531023],[-120.034150106831007,34.533783470985,974.101867675781023],[-120.034130862648993,34.533801171924601,974.390319824218977],[-120.034105231048002,34.533822250127201,973.944641113281023],[-120.034080212256001,34.533840354185202,974.038269042968977],[-120.034051400897994,34.533858890925998,973.761108398437955],[-120.034016679949005,34.533874987568197,973.561096191406023],[-120.033955930589002,34.5338992989074,973.111145019531023],[-120.033849074203005,34.533930810186298,973.691345214843977],[-120.033704774740997,34.533935375335503,974.376098632812045],[-120.033567277328999,34.533930889191197,974.293395996093977],[-120.033427310971007,34.533931070483902,974.49609375],[-120.033261162255002,34.533952576208598,975.392150878906023],[-120.033080710362995,34.533978430254699,976.658569335937955],[-120.032886000638996,34.534007271601297,977.572143554687955],[-120.032691145518001,34.534026004736297,978.987182617187955],[-120.032494893144005,34.534017883568801,980.0341796875],[-120.032318052414993,34.5339558328686,981.151062011718977],[-120.032161176420004,34.533902203338997,981.956298828125],[-120.032003749962996,34.533865497835599,982.844177246093977],[-120.031902280386007,34.533862477712503,982.47119140625],[-120.031853160308998,34.533874271375197,982.056640625],[-120.031820984812001,34.533882104237797,982.423095703125],[-120.031795283647,34.533888737374497,984.528503417968977],[-120.031764276649,34.533897936995302,985.086242675781023],[-120.031691699606995,34.5339194702292,985.407775878906023],[-120.031616548195004,34.533932041386102,985.220947265625],[-120.031561509019994,34.533928145298503,985.050415039062045],[-120.031502490009998,34.533921598482799,985.320678710937955],[-120.031438826772003,34.533906764386998,985.768249511718977],[-120.031375684265001,34.5338732154501,986.279113769531023],[-120.031305877478999,34.533824979014902,986.985046386718977],[-120.031247904672,34.533769478777799,987.958068847656023],[-120.031197226782993,34.533729975303103,988.479919433593977],[-120.031161827743006,34.533694854788401,988.572814941406023],[-120.031144378380006,34.533682695388997,988.270446777343977],[-120.031117452936996,34.533668239812897,988.59716796875],[-120.031025634149998,34.533632394984799,988.515869140625],[-120.030888460737003,34.533616849769601,989.026916503906023],[-120.030737975416002,34.5336014744599,989.699035644531023],[-120.030605674456993,34.533569292111203,990.059631347656023],[-120.030467070043002,34.533540051766501,991.287292480468977],[-120.030371240758996,34.533450863110801,991.836303710937955],[-120.030326155539996,34.533343972860401,992.493957519531023],[-120.030246563999,34.533258109530799,992.924072265625],[-120.030113344289006,34.533210115217102,994.21875],[-120.029969519426004,34.533198583158303,995.466064453125],[-120.029851415558994,34.5332163021748,996.431335449218977],[-120.029752729354996,34.533261517261103,996.681274414062045],[-120.029676144269004,34.533363540648601,996.935241699218977],[-120.029605875776994,34.533442435072097,997.200561523437955],[-120.029483613021995,34.533487095331402,998.463439941406023],[-120.029334144142993,34.533523384768102,999.123229980468977],[-120.029179417305002,34.533531713162198,1000.552795410160002],[-120.029022449436994,34.533506727532497,1001.568176269529999],[-120.028865273012997,34.533499602926398,1002.422241210940001],[-120.028727959700007,34.533457929624603,1003.449645996089998],[-120.028595043726995,34.533421376574097,1003.976867675779999],[-120.028429881096997,34.533446792652697,1004.118469238279999],[-120.028287285977996,34.533439677208499,1003.984375],[-120.028142638771996,34.533400038533401,1003.129516601559999],[-120.027994588639999,34.533317987679801,1004.308288574220001],[-120.027831983327999,34.533238691888798,1004.733032226559999],[-120.027577549075005,34.5331655477328,1005.958923339839998],[-120.027405920419,34.533049282740599,1007.116271972660002],[-120.027294082138994,34.532972866008997,1006.575927734380002],[-120.027146065292996,34.532909705405601,1008.383117675779999],[-120.026972032903004,34.532934701502199,1009.216064453119998],[-120.026849444484995,34.532939206543702,1009.877502441410002],[-120.026736839682002,34.532965855945697,1010.086669921880002],[-120.026645528366004,34.533063254488702,1010.353759765619998],[-120.026602291404998,34.533179364137098,1010.163513183589998],[-120.026572083768002,34.5332723056137,1010.936950683589998],[-120.026536685024993,34.533339322242398,1011.900146484380002],[-120.026476240787005,34.533393036240597,1012.445922851559999],[-120.026367004845,34.5334531152415,1013.791931152339998],[-120.026288999195003,34.533492887965799,1014.358764648440001],[-120.026264512653,34.533504496633199,1015.147888183589998],[-120.026283722876002,34.533495389380597,1017.817626953119998],[-120.026252569356004,34.533510158763697,1017.817810058589998],[-120.026175615889002,34.5335376943246,1018.154052734380002],[-120.026085448474007,34.533552031370398,1017.896911621089998],[-120.025971145154998,34.533512858319803,1018.849792480470001],[-120.025847421671003,34.533468969740198,1019.267578125],[-120.025699790953993,34.533439176012898,1019.027954101559999],[-120.025562032240998,34.533431399264899,1019.206237792970001],[-120.025433756317994,34.5334106701889,1018.647155761720001],[-120.025285533813999,34.533400785700699,1020.76806640625],[-120.025153986779998,34.533355884698103,1021.679931640619998],[-120.025055615396994,34.533338815429097,1021.366516113279999],[-120.025008087160998,34.533313056921799,1021.220397949220001],[-120.024979922208004,34.533419548840499,1020.773254394529999],[-120.024896918150006,34.5334117779962,1020.752075195309999],[-120.024849285643995,34.533439993791703,1020.584228515619998],[-120.024783776370995,34.533466386628398,1020.651123046880002],[-120.024687618851999,34.533475815805197,1021.124145507809999],[-120.024566498932003,34.533469660006503,1021.571350097660002],[-120.024438054103996,34.533480599693,1021.959289550779999],[-120.024296205821003,34.533518552232401,1021.979797363279999],[-120.024259401026995,34.533538867257803,1022.067504882809999],[-120.024246353804003,34.533555922978699,1021.794921875],[-120.024216973473003,34.533582343528202,1022.693481445309999],[-120.024091165445,34.533659928275704,1022.372131347660002],[-120.023973187180999,34.533700839415303,1021.737365722660002],[-120.023823404216003,34.5337122491446,1022.520446777339998],[-120.023684780254001,34.5337759267533,1022.140441894529999],[-120.023570518637996,34.533880033562902,1021.756713867190001],[-120.023486991073995,34.533978174953099,1021.424133300779999],[-120.023370654326996,34.534015397520697,1021.1357421875],[-120.023259153956005,34.534039963446098,1020.26953125],[-120.023145053118,34.534030118281997,1020.962158203119998],[-120.023024929675003,34.5339840073283,1020.771118164059999],[-120.022920151240996,34.5339260052355,1019.713806152339998],[-120.022793291623998,34.533901381552504,1019.993041992190001],[-120.022662911186003,34.533870974460697,1020.170104980470001],[-120.022562488972,34.5338100753033,1020.246765136720001],[-120.022495745387999,34.533710760344697,1019.881530761720001],[-120.022412922379999,34.533595771991997,1019.096069335940001],[-120.022311207848006,34.533471000095801,1018.63134765625],[-120.022172897025996,34.533359572084201,1017.817687988279999],[-120.022023970659006,34.533244993132598,1017.277465820309999],[-120.021917324281006,34.533102332008603,1018.218139648440001],[-120.021786119685999,34.532962169046797,1018.579956054690001],[-120.021654701607005,34.532831346598599,1018.378295898440001],[-120.021531723392997,34.532720888758398,1017.948059082029999],[-120.021369289933006,34.532681759796503,1017.934997558589998],[-120.021223917330005,34.532670552756301,1018.002380371089998],[-120.021137514013006,34.532654397007398,1017.726318359380002],[-120.021090377465995,34.5326254609557,1017.446594238279999],[-120.021025491746002,34.532554305585002,1017.704650878910002],[-120.020958144343993,34.532458954211997,1017.916015625],[-120.020880004188001,34.532353118008601,1017.905517578119998],[-120.020799971865998,34.532243990621303,1017.839599609380002],[-120.020715850737005,34.532145161989,1017.730590820309999],[-120.020587271357996,34.532100317149997,1017.530334472660002],[-120.020441081567,34.532099260665198,1017.441101074220001],[-120.020278185916993,34.532101279723399,1017.154418945309999],[-120.020113403300996,34.532088863550399,1017.546936035160002],[-120.019965737823995,34.5320559904305,1017.925048828119998],[-120.019829849679994,34.532062114010998,1017.900573730470001],[-120.019690920873998,34.5320904323438,1017.386474609380002],[-120.019552499686995,34.5321307096821,1016.937194824220001],[-120.019418067236003,34.532192078666903,1016.676879882809999],[-120.019275035920003,34.5322514794331,1016.033203125],[-120.019107045382,34.532284686177,1016.168090820309999],[-120.018946512059998,34.532296499722399,1016.419372558589998],[-120.018793146926996,34.5323127857258,1016.446411132809999],[-120.018663613168997,34.532373607904702,1016.333557128910002],[-120.018555280602001,34.532469735821202,1016.439819335940001],[-120.018462540966993,34.532582642388,1016.720642089839998],[-120.018399052104002,34.532685672754198,1017.482727050779999],[-120.018323566706997,34.532774099208801,1017.515930175779999],[-120.018277347872996,34.532869780292302,1017.241455078119998],[-120.018193092028994,34.532938675478199,1016.909362792970001],[-120.018084369286996,34.532976693369598,1016.510192871089998],[-120.017967218387,34.532958445049999,1017.755615234380002],[-120.017821147749999,34.532961804291503,1017.321716308589998],[-120.017671186078005,34.532933810133301,1016.602905273440001],[-120.017424477646003,34.532914476496003,1014.626586914059999],[-120.017241343069003,34.5329109668222,1013.125793457029999],[-120.017057561572003,34.5328973912669,1012.521484375],[-120.016805632409998,34.532812378430997,1012.452514648440001],[-120.016585282871006,34.532741748293098,1011.786071777339998],[-120.016485003941995,34.532705578991198,1011.46240234375],[-120.016463147647002,34.532700058429398,1011.579833984380002],[-120.016411942446993,34.5326767080279,1012.239685058589998],[-120.016332968357005,34.532652805727302,1012.4228515625],[-120.016226385213002,34.532619923610099,1012.87646484375],[-120.016095036023998,34.532573520322998,1013.465942382809999],[-120.015950316317003,34.532525410597103,1013.692016601559999],[-120.015784640217007,34.532462779218903,1013.35400390625],[-120.015624457141996,34.532396434929801,1013.302062988279999],[-120.015476307420997,34.532337673005699,1012.809448242190001],[-120.015362444480999,34.532284053847597,1013.564270019529999],[-120.015225151978996,34.532200258471804,1014.215881347660002],[-120.015043989473995,34.532118361104999,1014.553466796880002],[-120.014893995063005,34.532042456947401,1015.718505859380002],[-120.014724213934002,34.531974303382398,1015.690673828119998],[-120.014554992852993,34.531907455371098,1015.9130859375],[-120.014407358125993,34.531835486042603,1016.801696777339998],[-120.014262069430004,34.531744278246599,1018.097045898440001],[-120.014115718395004,34.531640489649,1019.0390625],[-120.013955873943004,34.531539871501899,1020.48876953125],[-120.013805554697001,34.5314498057081,1020.941223144529999],[-120.013686500635998,34.531374490188099,1021.180297851559999],[-120.013601087755006,34.531298310210701,1021.060974121089998],[-120.013522305096004,34.531224486846497,1022.34130859375],[-120.013404853420994,34.531136000999702,1023.248291015619998],[-120.013242718574006,34.531076295663198,1023.613891601559999],[-120.013110580852,34.531012850158397,1024.213134765619998],[-120.012998611873996,34.530960584211797,1025.01416015625],[-120.012895557728001,34.530900696524803,1025.810668945309999],[-120.012804907247002,34.530825144628501,1026.233276367190001],[-120.012711831263005,34.530741505230701,1026.582397460940001],[-120.012590013351002,34.530675105934499,1027.441162109380002],[-120.012456337567997,34.530630076495598,1027.609252929690001],[-120.012314764748993,34.5306013651347,1028.345458984380002],[-120.012183207204004,34.5305597013229,1029.002075195309999],[-120.012068993731006,34.530513997427803,1029.826293945309999],[-120.011982239903006,34.530460752642,1029.780395507809999],[-120.011910366044006,34.530381060700599,1029.449462890619998],[-120.011842987419001,34.530304333375,1029.75341796875],[-120.011779053257996,34.530217141348103,1030.6298828125],[-120.011732952006,34.530139399958202,1031.498168945309999],[-120.011679240508002,34.530071055015298,1032.176879882809999],[-120.011640836016994,34.530040688082998,1032.520629882809999],[-120.011610737884993,34.530033480719801,1032.147827148440001],[-120.011536430364004,34.530000531367797,1033.079711914059999],[-120.011415255489993,34.529962437190498,1034.17724609375],[-120.011264224409004,34.529940999547897,1034.806030273440001],[-120.011173869825001,34.529925322668603,1035.502075195309999],[-120.011065793349005,34.529895308641699,1036.227172851559999],[-120.010926089427002,34.529849086191497,1038.210815429690001],[-120.010737572232998,34.529811546464003,1039.759521484380002],[-120.010546854151002,34.529721122673003,1040.792602539059999],[-120.010418892014997,34.529662933076303,1042.551513671880002],[-120.010311464246996,34.5296159950176,1042.850463867190001],[-120.010224237282998,34.529563036506403,1042.99609375],[-120.010138456896001,34.529473023999103,1044.234375],[-120.010044634901007,34.529375942917099,1044.87548828125],[-120.009988512858001,34.529318268481703,1045.280395507809999],[-120.009966517422001,34.5293159559995,1044.842651367190001],[-120.009996600573999,34.529318927591198,1043.93359375],[-120.010019893058001,34.529318175404804,1042.64892578125],[-120.009995844854004,34.529331997950798,1041.894775390619998],[-120.009964533727995,34.529349381566,1042.518310546880002],[-120.009945586968001,34.529338875649401,1042.924926757809999],[-120.009966453665001,34.529324825094903,1043.393188476559999],[-120.00990727336,34.529300911445901,1043.948364257809999],[-120.009809844504005,34.529252435680498,1044.180786132809999],[-120.009716602335999,34.529194764744602,1044.582275390619998],[-120.009601291204007,34.529110819957403,1044.96826171875],[-120.009482886672004,34.529006751966001,1046.39208984375],[-120.009345521586994,34.5289140751335,1047.665771484380002],[-120.009180823643007,34.528840839162797,1048.078369140619998],[-120.009038708115,34.528777856410002,1048.485107421880002],[-120.008866962536004,34.528751082743298,1048.458740234380002],[-120.008797408210995,34.5287421636841,1048.196899414059999],[-120.008848357893001,34.528764716404901,1049.629516601559999],[-120.008863240306994,34.528750667767603,1049.788452148440001],[-120.008833183904002,34.5287473169696,1048.665405273440001],[-120.008802617743001,34.528743909379102,1048.09130859375],[-120.008707144240006,34.528727720390798,1048.729125976559999],[-120.008586864848994,34.5286936211305,1050.302001953119998],[-120.008437242531002,34.5286537505674,1050.953735351559999],[-120.008272120691004,34.528615302729897,1051.585083007809999],[-120.008088666617994,34.528576639921702,1052.817016601559999],[-120.007877034193001,34.528529278665602,1054.819458007809999],[-120.007657715994,34.528468487613999,1056.222534179690001],[-120.007483498084994,34.528415441020101,1056.977416992190001],[-120.007368691615,34.528352316909697,1057.420288085940001],[-120.007302361740997,34.528265767419697,1057.833251953119998],[-120.007279206838007,34.528148250066302,1058.94970703125],[-120.007205786873996,34.528060305897803,1059.299072265619998],[-120.007085357158999,34.527998397963799,1059.187622070309999],[-120.006992523809004,34.527940118317701,1060.006225585940001],[-120.006897880715997,34.5278812745916,1061.634033203119998],[-120.006773198139996,34.527822522686698,1062.605834960940001],[-120.006621446853003,34.527786878992401,1064.099731445309999],[-120.006451913945,34.527784519026497,1065.77978515625],[-120.006282884472,34.527780403264998,1067.941772460940001],[-120.006222260723007,34.527786037080197,1067.228149414059999],[-120.006233645240002,34.527769641397697,1068.576171875],[-120.006211652649,34.527769173007698,1064.986206054690001],[-120.006193168454004,34.5277824806574,1064.699584960940001],[-120.006073727067999,34.527766235583599,1066.343872070309999],[-120.005960510847004,34.5277721197685,1068.368041992190001],[-120.005845266817005,34.527754992966898,1068.548706054690001],[-120.005714886020996,34.527746635569102,1070.343139648440001],[-120.005581821095006,34.527747685735697,1071.928466796880002],[-120.005442568513004,34.527751908467501,1073.236938476559999],[-120.005298963830995,34.527755601947803,1074.406860351559999],[-120.005159733124998,34.527748785846399,1075.85791015625],[-120.005028362584,34.527746369960703,1077.099609375],[-120.004923167921007,34.5277495713595,1077.450439453119998],[-120.004805771655001,34.527761380390601,1078.69873046875],[-120.004734564860996,34.5277923054986,1079.228515625],[-120.004679490846996,34.527839442402602,1080.335571289059999],[-120.004612434923999,34.527872329372997,1081.939697265619998],[-120.004527487602004,34.527896196667399,1082.916870117190001],[-120.004426034662998,34.527931046605403,1083.86376953125],[-120.004317224850993,34.5279446117408,1085.291259765619998],[-120.004183436263006,34.527951662394202,1087.120239257809999],[-120.004052870446003,34.527969762422401,1089.017700195309999],[-120.003936097731994,34.527997230833101,1090.533203125],[-120.003827504157002,34.528040102302299,1091.792724609380002],[-120.003761570495996,34.528070803235302,1092.384643554690001],[-120.003735910334996,34.528084164994098,1092.842041015619998],[-120.003701191187005,34.528108767044102,1093.052124023440001],[-120.003672470881995,34.528143984008203,1093.48876953125],[-120.003629672304001,34.5281729590113,1093.420043945309999],[-120.003583470684006,34.528216961612301,1093.847534179690001],[-120.003505399244006,34.528263682041199,1094.520751953119998],[-120.003384256865999,34.528296933322999,1095.869018554690001],[-120.003231942105003,34.528320383906099,1097.142211914059999],[-120.003064866607005,34.5283340015825,1098.384521484380002],[-120.002912129462004,34.528357518438597,1098.556518554690001],[-120.002729064722004,34.528332227198,1100.943237304690001],[-120.002526726976001,34.528305360792203,1103.026123046880002],[-120.002338076925994,34.528277603364003,1104.581787109380002],[-120.002150959193997,34.528274138941399,1106.180053710940001],[-120.002008959666995,34.528255366116298,1107.0654296875],[-120.001897221356998,34.528295822824099,1107.998413085940001],[-120.001881936331998,34.528313478212297,1108.121948242190001],[-120.001861733831007,34.528330007647497,1107.783081054690001],[-120.001848591512996,34.528348323002902,1107.544189453119998],[-120.001868495615,34.528327527542501,1107.387329101559999],[-120.001884691265005,34.528310606685601,1107.419067382809999],[-120.001900337942004,34.52829425929,1107.161376953119998],[-120.001923531383994,34.528284117702803,1106.723022460940001],[-120.001947014411996,34.528289392157198,1105.921997070309999],[-120.001964616574,34.5282698235373,1106.328979492190001],[-120.002008822996004,34.528253389795097,1105.52880859375],[-120.002044212685007,34.528274313172098,1105.362182617190001],[-120.002073368430999,34.528270712807597,1105.088500976559999],[-120.002108055742994,34.528265013385699,1104.16943359375],[-120.002138100869004,34.528264493670299,1104.18115234375],[-120.002161174267997,34.528260378992996,1104.382202148440001],[-120.002138472729001,34.5282569488961,1104.432495117190001],[-120.002164049615999,34.528263138240497,1106.97216796875],[-120.002200134738004,34.528272223384199,1106.407470703119998],[-120.002275548773,34.528278162966501,1106.051391601559999],[-120.002389898914998,34.5282910390452,1105.17529296875],[-120.002556388846997,34.528313222256401,1103.368896484380002],[-120.002676031567006,34.528330130434497,1101.788452148440001],[-120.002798854562997,34.5283393594827,1101.497680664059999],[-120.002906933372998,34.5283443548131,1099.830810546880002],[-120.003019921168999,34.528349249651598,1099.015502929690001],[-120.003135103478002,34.528333925073603,1098.757690429690001],[-120.003239832581997,34.528323255488502,1097.369018554690001],[-120.003359970187006,34.5283130637876,1096.26318359375],[-120.003481607324005,34.528294425281302,1095.54052734375],[-120.003601356984007,34.528260030899503,1094.097412109380002],[-120.003709300791996,34.528187547511003,1094.951049804690001],[-120.003771497868996,34.528098914770197,1093.454711914059999],[-120.003862869697997,34.528027886751701,1091.693115234380002],[-120.003977107706007,34.527998387654002,1090.341430664059999],[-120.004057411901002,34.527980086623899,1088.473754882809999],[-120.004145008047004,34.527966098438299,1086.994506835940001],[-120.004168873593002,34.527965379119998,1086.431396484380002],[-120.004228528905003,34.527957290731003,1086.33642578125],[-120.004258777478995,34.527968821167001,1085.775634765619998],[-120.004297143388996,34.527971801813301,1085.3701171875],[-120.004367751144997,34.527973916303303,1084.827026367190001],[-120.004471105248996,34.5279581203242,1084.0927734375],[-120.004571140427004,34.527925557290502,1083.164672851559999],[-120.004663101215002,34.527874477475002,1083.474609375],[-120.004761844455999,34.527820638010397,1082.685302734380002],[-120.004847171769995,34.527781288571397,1082.252075195309999],[-120.004933220729995,34.5277614877524,1081.1494140625],[-120.005022678958994,34.527756331996798,1080.162475585940001],[-120.005116070659994,34.527762901705202,1078.939819335940001],[-120.005234527794002,34.5277662680055,1077.874755859380002],[-120.005364285824996,34.527769240135697,1076.71484375],[-120.005489333091006,34.527763605260702,1075.82080078125],[-120.005600399618999,34.527772208115699,1074.158813476559999],[-120.005699236029997,34.527773497886599,1072.775268554690001],[-120.005759218912999,34.527765680210798,1071.460815429690001],[-120.005881788481005,34.527772815566202,1071.094116210940001],[-120.005987345647,34.527783803208898,1070.179565429690001],[-120.006100272818998,34.527798230797003,1067.79052734375],[-120.006233173791003,34.527800383464999,1066.867797851559999],[-120.006372395664997,34.527798620513501,1065.821655273440001],[-120.006513567010003,34.527795734705698,1064.89501953125],[-120.006626522223002,34.527822127613298,1063.291381835940001],[-120.006680678259002,34.527830826546598,1062.787231445309999],[-120.006716864172006,34.527838931556403,1060.7431640625],[-120.006758679130002,34.527852020765998,1060.165283203119998],[-120.006800380857001,34.527870213814197,1059.784790039059999],[-120.006842855843004,34.527892147866403,1059.098388671880002],[-120.006881641261003,34.527922277610003,1058.39111328125],[-120.006943010201994,34.527962618550198,1056.809204101559999],[-120.007011268861007,34.528003015103799,1055.779052734380002],[-120.007091440874007,34.528048551709702,1056.021606445309999],[-120.007160117660007,34.5280878316835,1056.177368164059999],[-120.007212980822999,34.5281352394964,1056.741943359380002],[-120.007239265137002,34.528196972785601,1056.901977539059999],[-120.007248355775999,34.528281633568703,1056.028686523440001],[-120.007304806343001,34.5283728088666,1055.667358398440001],[-120.007410504508996,34.528421499855597,1056.041137695309999],[-120.007490515650005,34.528433996539498,1056.062377929690001],[-120.007566961777002,34.528463479788897,1055.752685546880002],[-120.007662625136007,34.5284914044597,1055.204345703119998],[-120.007769981658996,34.528516342990599,1054.917724609380002],[-120.007885799742994,34.528544816936197,1054.453247070309999],[-120.008011430490001,34.528574607386098,1053.905395507809999],[-120.008219296270994,34.528619252930199,1052.931518554690001],[-120.008353556350997,34.5286496442939,1052.222778320309999],[-120.008475865611999,34.5286783291982,1051.722778320309999],[-120.008576389477,34.5287107085054,1050.60107421875],[-120.008687497026997,34.528741899857103,1049.767211914059999],[-120.008816322555006,34.528776555671698,1049.37646484375],[-120.008929684703006,34.528781676643597,1049.14208984375],[-120.009032631609998,34.528795909583501,1048.849487304690001],[-120.009134794765004,34.528823385779802,1048.391967773440001],[-120.009229300154999,34.528887373874902,1047.725830078119998],[-120.009340352487996,34.528951564637303,1046.782958984380002],[-120.009443590209997,34.529026109995101,1046.396362304690001],[-120.009545386979994,34.529116341297097,1045.114624023440001],[-120.009682215951003,34.529194790728297,1044.60498046875],[-120.009825154244993,34.529271891239901,1044.365844726559999],[-120.009943597209997,34.5293565353332,1044.224609375],[-120.010035687544999,34.529451851415899,1043.328002929690001],[-120.010110586292996,34.529538337062,1042.189697265619998],[-120.010164594619994,34.5296004346418,1041.737670898440001],[-120.010202028690003,34.529628804221502,1041.092895507809999],[-120.010238508762001,34.529649957115701,1040.798950195309999],[-120.010298996507004,34.529659464946903,1041.140380859380002],[-120.010332837611998,34.529694064463499,1041.466064453119998],[-120.010393406812994,34.529703081601198,1041.329956054690001],[-120.010453370785996,34.529737166078903,1040.828491210940001],[-120.010528053372994,34.529769402446099,1041.004638671880002],[-120.010600926460995,34.529801935040197,1040.9365234375],[-120.010676953051998,34.529836772640898,1040.738159179690001],[-120.010758941364998,34.529867678577297,1040.398681640619998],[-120.010858361255004,34.529881092014399,1039.8876953125],[-120.010976515322,34.529887097789,1039.647705078119998],[-120.011110092928007,34.529923074781898,1038.365966796880002],[-120.011242222769994,34.529964465228602,1038.289428710940001],[-120.011369493371006,34.529975073529101,1037.797119140619998],[-120.011474008356998,34.530007617031103,1037.063110351559999],[-120.011581837107997,34.530054275716097,1036.215454101559999],[-120.011658921602006,34.530127057755401,1035.63916015625],[-120.011723285101993,34.530215151518,1034.718872070309999],[-120.011795052143995,34.530314610584803,1033.292236328119998],[-120.011872557952003,34.530411332493401,1031.961059570309999],[-120.011962568887,34.530499592990999,1031.030029296880002],[-120.012078998389995,34.530543265461503,1031.384643554690001],[-120.012181296124993,34.530580120878497,1030.97607421875],[-120.012288308896999,34.530615320098804,1030.463256835940001],[-120.012402631979995,34.530645849483697,1030.191650390619998],[-120.012521368969999,34.530671183232101,1029.839965820309999],[-120.012622413897006,34.530735295696601,1029.461181640619998],[-120.012722188786,34.530806344582501,1029.072265625],[-120.012813083908,34.530893584238797,1028.439453125],[-120.013006275444994,34.5310043647846,1027.237060546880002],[-120.013149102149995,34.531066527816897,1026.710205078119998],[-120.01327521348,34.531135685869202,1026.384155273440001],[-120.013395109317003,34.531206391872701,1025.906372070309999],[-120.013508099847002,34.531291468650501,1025.196166992190001],[-120.013619480863994,34.531386996777698,1023.879455566410002],[-120.013755936460001,34.5314613342576,1024.0859375],[-120.013884392467006,34.531538462290797,1022.941284179690001],[-120.014017153213999,34.531612273061398,1022.354064941410002],[-120.014148651856999,34.53170666426,1021.146057128910002],[-120.014281649498997,34.531811749626897,1019.668823242190001],[-120.014428253703997,34.531900365563096,1018.683044433589998],[-120.014583379989006,34.531970337131398,1018.075500488279999],[-120.014820638480998,34.532058664476999,1017.094482421880002],[-120.015064330868995,34.532168776303699,1015.783569335940001],[-120.015322916247996,34.532291684651497,1014.6083984375],[-120.015591057639,34.532413560002503,1013.855773925779999],[-120.015843893354997,34.532513288051398,1014.248779296880002],[-120.016002330139003,34.53257031903,1014.244750976559999],[-120.016155293272007,34.5326223596253,1013.72900390625],[-120.016307214145002,34.5326727805096,1012.837219238279999],[-120.016460228228993,34.532723162962903,1012.87451171875],[-120.016616406729,34.532772372690502,1012.732788085940001],[-120.016793341061003,34.532828118621602,1013.042419433589998],[-120.016961338360005,34.532888956748899,1013.158569335940001],[-120.017123213112995,34.532932276417903,1013.02099609375],[-120.017311990720003,34.532945038415598,1014.29296875],[-120.017505345678998,34.532957824765397,1015.334777832029999],[-120.017694920666003,34.532972271412397,1015.826110839839998],[-120.017867110013,34.532985888697702,1016.141845703119998],[-120.018016281943005,34.532997074059701,1016.224792480470001],[-120.018151604403002,34.532981863015102,1015.473083496089998],[-120.018275045734001,34.532905214998998,1016.07763671875],[-120.018373923774007,34.532787966511599,1016.566650390619998],[-120.018439310109002,34.532656630833202,1016.983337402339998],[-120.018522127498002,34.532537881389601,1016.701416015619998],[-120.018628712080002,34.532430187161403,1017.452026367190001],[-120.018765774824004,34.532350332451898,1017.660888671880002],[-120.018932483116998,34.532307613728797,1017.237731933589998],[-120.019117216444002,34.532302752099397,1016.947082519529999],[-120.019294175520002,34.5322665496615,1016.464660644529999],[-120.019459049532998,34.532195199095703,1017.496887207029999],[-120.019628269341993,34.532128234009697,1017.660095214839998],[-120.019794271208994,34.532086206590201,1017.990234375],[-120.019948348952994,34.532063655918897,1018.10888671875],[-120.020092200586006,34.532092638341197,1017.756958007809999],[-120.020240257303001,34.532112888409003,1018.13916015625],[-120.020388358209999,34.532110890104299,1017.530517578119998],[-120.020523512617004,34.532107646594,1017.904968261720001],[-120.020654433399997,34.532130524694999,1018.478088378910002],[-120.020721220867003,34.532229226216501,1018.638793945309999],[-120.020794436751004,34.532318390601603,1018.451721191410002],[-120.020864552640006,34.532410516448699,1018.210388183589998],[-120.020936316252005,34.532507840468199,1018.309631347660002],[-120.021028727588998,34.532596511408798,1018.185668945309999],[-120.021117843949,34.532676070061598,1018.479797363279999],[-120.021238271634999,34.532706155130498,1018.596496582029999],[-120.021370526327004,34.532714168532401,1018.919311523440001],[-120.021501533076005,34.532743431645997,1019.328125],[-120.021607506470005,34.532828855823801,1019.250244140619998],[-120.021691609553997,34.532933395936702,1019.345581054690001],[-120.021790004132001,34.5330284504197,1019.726867675779999],[-120.021883384847996,34.5331279086869,1019.865844726559999],[-120.021966687071995,34.533228668918802,1019.784240722660002],[-120.022065098938995,34.533319095150098,1019.70556640625],[-120.022171021185997,34.533395246886798,1020.374633789059999],[-120.022284751116999,34.533466289421,1020.9609375],[-120.022357193675006,34.533558007193001,1021.384033203119998],[-120.022424201099,34.533643047373602,1021.886413574220001],[-120.022480013527996,34.533721546175599,1022.569396972660002],[-120.022538967138999,34.5337910277104,1023.288696289059999],[-120.022593932044003,34.5338628059651,1023.358703613279999],[-120.022671772804998,34.533911007900102,1023.029235839839998],[-120.022809129164997,34.533932241320102,1022.683410644529999],[-120.022894229957004,34.5339456009442,1022.194946289059999],[-120.022977336237005,34.533961800985097,1022.618408203119998],[-120.023094742219996,34.534029988842697,1022.374694824220001],[-120.023203129961999,34.534079361454701,1022.54931640625],[-120.023342049460993,34.534062956380197,1022.667236328119998],[-120.023444757188997,34.534037669485599,1023.785217285160002],[-120.023540171541995,34.533999987016699,1023.764038085940001],[-120.023610173722005,34.533925890124301,1023.605285644529999],[-120.023664973685001,34.533842628862402,1023.599609375],[-120.023746144208999,34.533771161399997,1023.799438476559999],[-120.023866900369001,34.533730995676898,1023.813659667970001],[-120.023985655215995,34.533701156500697,1023.38671875],[-120.024102319023001,34.533664687875401,1023.814270019529999],[-120.024213347152994,34.533609595931303,1023.753845214839998],[-120.024317421733002,34.533541042481602,1023.493896484380002],[-120.024447345536004,34.533507221617803,1022.814636230470001],[-120.024589225751001,34.533496715631401,1022.62890625],[-120.024734893203998,34.533484915900303,1022.390380859380002],[-120.024872469336998,34.533427835110302,1022.436279296880002],[-120.024988633525993,34.533363931923603,1022.574279785160002],[-120.025125522628997,34.533385616887998,1021.812255859380002],[-120.025282037756995,34.533408203505701,1020.290283203119998],[-120.025458374440007,34.533436391428801,1018.418334960940001],[-120.025652307281007,34.533444325217403,1018.004577636720001],[-120.025836948483004,34.533497145266097,1017.138671875],[-120.026025945895,34.533563472765003,1015.584533691410002],[-120.026208917938007,34.533563212193101,1015.581848144529999],[-120.026368188098999,34.533489235324701,1014.919372558589998],[-120.026517713741995,34.533405594004599,1014.498107910160002],[-120.026608831825996,34.533315647185397,1014.225158691410002],[-120.026642992103007,34.533197781228097,1013.850830078119998],[-120.026688344356003,34.533069937526697,1013.381225585940001],[-120.026773201218006,34.532980177511099,1013.1904296875],[-120.026921376893,34.532954463170299,1011.663330078119998],[-120.027072964539002,34.532926420259599,1010.655578613279999],[-120.027229679973004,34.532961210285698,1010.257873535160002],[-120.027359909007998,34.533051019335701,1009.883972167970001],[-120.027487589123993,34.5331497329746,1008.368225097660002],[-120.027666682683005,34.533208611779401,1007.101867675779999],[-120.027840819363007,34.533269126323297,1006.606079101559999],[-120.028002739566006,34.533354231380301,1006.104125976559999],[-120.028179629128005,34.533442866145897,1005.9091796875],[-120.028369044933996,34.533474841882999,1006.852600097660002],[-120.028544352259999,34.533464776870701,1006.724853515619998],[-120.028716347957996,34.533461878955897,1006.370056152339998],[-120.028890844911999,34.533510179502599,1005.127380371089998],[-120.029083807148993,34.533551282880502,1003.323181152339998],[-120.029310035758002,34.533558438652797,1001.430480957029999],[-120.029544038259999,34.533503854661497,1000.185546875],[-120.029722295881996,34.5334052088009,999.072814941406023],[-120.029805749112001,34.533259853662898,998.654418945312045],[-120.029976314345006,34.533215907179397,997.46484375],[-120.030166756441005,34.533255955370599,996.076293945312045],[-120.030307684369006,34.533360184953402,995.164855957031023],[-120.030375965879003,34.533497195527403,993.955383300781023],[-120.030546096749006,34.533578544343598,992.572570800781023],[-120.030737376798001,34.533622316108499,991.475036621093977],[-120.030925161146996,34.533643316301102,991.463989257812045],[-120.031051428633006,34.533675187329102,990.921325683593977],[-120.031161426601003,34.533711879663002,990.402465820312045],[-120.031279969498996,34.533850613779698,988.625305175781023],[-120.031493122974993,34.533944624826297,986.859008789062045],[-120.031625939318999,34.533958065312703,986.10693359375],[-120.031690914501993,34.5339506223402,986.087951660156023],[-120.031757882918001,34.533933433189603,985.68359375],[-120.031819742598998,34.533913344476701,985.214782714843977],[-120.031896789292006,34.533892103073597,985.005737304687955],[-120.031981860979002,34.533873798343002,985.074096679687955],[-120.032072423833995,34.533900223151903,984.571166992187955],[-120.032184766732001,34.533935160034197,983.922729492187955],[-120.032311830772997,34.533981300943097,982.8017578125],[-120.032424510550996,34.534020179641999,982.214538574218977],[-120.032561733660998,34.534040722644299,980.903625488281023],[-120.032712106150996,34.534053640086199,979.987243652343977],[-120.032873567188005,34.534041911011201,978.746032714843977],[-120.033050470728995,34.5340136226908,978.10107421875],[-120.033229981564006,34.533985241017703,976.770263671875],[-120.033415953718006,34.533962089034603,975.59130859375],[-120.033591733771004,34.533953565161497,974.957824707031023],[-120.033748498029993,34.533958544686897,975.102722167968977],[-120.03389368018,34.533947388401899,974.016235351562045],[-120.034031068499999,34.5339096617856,973.590515136718977],[-120.034105880694995,34.5338619541496,973.457336425781023],[-120.034140981218002,34.533836903230203,973.404357910156023],[-120.034156652739995,34.533824191667001,973.194274902343977],[-120.034174702711994,34.5338081268143,973.408203125],[-120.034191812009993,34.5337928070212,973.092346191406023],[-120.034203839651994,34.533775445909498,972.934509277343977],[-120.034217096590993,34.5337609048769,972.550109863281023],[-120.034233374425995,34.5337240180626,972.464172363281023],[-120.034239997233996,34.533673441492098,971.872253417968977],[-120.034246610150007,34.533623127450099,971.58203125],[-120.034250294166995,34.533560193556603,971.244323730468977],[-120.034247599295,34.533483756358102,970.730407714843977],[-120.034225633787997,34.533388898043597,969.994018554687955],[-120.034154774705996,34.533308107067697,969.872375488281023],[-120.034078804751999,34.533218244699,969.051635742187955],[-120.033996075201003,34.533111581429601,968.456787109375],[-120.033925627247996,34.532994930349098,967.731994628906023],[-120.033867313357007,34.532870816760799,967.168212890625],[-120.033854526875004,34.532734019764,966.392883300781023],[-120.033886200127995,34.532597114362098,965.300964355468977],[-120.033919812628,34.532469941400898,965.20556640625],[-120.033933584498996,34.532341280547001,963.950317382812045],[-120.034040072619007,34.532234388002003,962.920471191406023],[-120.034164243381994,34.532195963035399,962.200744628906023],[-120.034271496713998,34.532171643592498,961.821655273437955],[-120.034359001286006,34.5321259275917,962.390441894531023],[-120.034415320511997,34.532056910808599,961.80419921875],[-120.034442042530003,34.531968974048802,961.298889160156023],[-120.034470040065003,34.531880210083003,961.048217773437955],[-120.034513905935,34.5317865228645,960.394897460937955],[-120.034562065914997,34.5316925832647,959.444885253906023],[-120.034538201711001,34.531605517580303,959.553588867187955],[-120.034493929918,34.531527474382898,959.091674804687955],[-120.034402395708,34.531417040334503,957.883361816406023],[-120.034380783751999,34.531368116575102,957.444091796875],[-120.034378997258997,34.531313416406398,956.252319335937955],[-120.034405628966994,34.531188027140502,954.2060546875],[-120.034421226790997,34.531027925961901,953.6044921875],[-120.034406786760997,34.530935789909499,953.480773925781023],[-120.034400830964003,34.5308496598145,953.2880859375],[-120.034401818804,34.530764659280898,952.580261230468977],[-120.034385690302997,34.5306792576378,951.878051757812045],[-120.034346560374999,34.530583950768197,951.416564941406023],[-120.034300829505,34.5304879301478,950.454650878906023],[-120.034241347328006,34.5303920740538,949.496032714843977],[-120.034141727762005,34.530314104228701,948.258239746093977],[-120.034014802106995,34.530252577577002,947.667541503906023],[-120.033885466566005,34.530192166174103,946.625183105468977],[-120.033791042250996,34.530095158974802,945.036071777343977],[-120.033728074140996,34.529949650222598,942.741760253906023],[-120.033668322170001,34.529805586273703,941.6748046875],[-120.033620346839001,34.529706806787502,941.334106445312045],[-120.033619098347003,34.5296164229214,940.993103027343977],[-120.033711528598005,34.529544522649601,940.122436523437955],[-120.033834876902006,34.529537879172302,938.968322753906023],[-120.033934676925,34.5295929587136,938.101501464843977],[-120.034030095383997,34.529671784122598,936.967651367187955],[-120.034135258717001,34.529763080994201,935.953125],[-120.034245603591003,34.529844307773502,935.490478515625],[-120.034386793186002,34.5299181353245,934.540771484375],[-120.034542114735004,34.5299643447118,933.412475585937955],[-120.034671700081006,34.530001913489698,932.377746582031023],[-120.034793336231004,34.530054519386297,932.018493652343977],[-120.034885660005997,34.530120452322798,931.674011230468977],[-120.034969041978997,34.5301725043986,931.386108398437955],[-120.035066756627003,34.530188448454403,931.592529296875],[-120.0351698371,34.530210043596199,930.846130371093977],[-120.035289561989998,34.530196983800302,930.786071777343977],[-120.035415337274003,34.530163430773001,930.08935546875],[-120.035552390670006,34.530117663955799,929.531677246093977],[-120.035686656482994,34.530085880593198,928.170043945312045],[-120.035794848219993,34.530067658760302,927.401123046875],[-120.035873311954006,34.530058939441297,927.03271484375],[-120.035920314929001,34.530053821591203,926.424377441406023],[-120.035977626019005,34.530049288342397,925.971984863281023],[-120.036003475423996,34.530051945533401,926.762451171875],[-120.036025725380995,34.5300531565778,927.222106933593977],[-120.036056320796007,34.530079262033802,927.3046875],[-120.036079242422005,34.530087228489897,927.160766601562045],[-120.036100540820996,34.530096070077903,927.266540527343977],[-120.036122101928996,34.530105526831001,922.666870117187955],[-120.036145147537994,34.530121801904897,922.29638671875],[-120.036175120793004,34.530165427801002,921.689819335937955],[-120.036221582764995,34.530236774584601,920.942138671875],[-120.036273631834007,34.5303150945117,920.322570800781023],[-120.036291615143995,34.530338897670603,920.301879882812045],[-120.036279925906996,34.530323425513799,918.805236816406023],[-120.036267779165001,34.530307347755098,919.545715332031023],[-120.036279710762997,34.530323140737401,920.814880371093977],[-120.036305396434997,34.530355141117703,920.535034179687955],[-120.036338419374999,34.530392747615899,920.700500488281023],[-120.036407020976995,34.530447525034901,920.471313476562045],[-120.036478726113003,34.530517352072799,920.878356933593977],[-120.036570446328994,34.5306024871415,920.3515625],[-120.036695156982006,34.530662418109401,920.922180175781023],[-120.036815319015005,34.530717041512901,919.971252441406023],[-120.036929213879006,34.530779780060499,919.338317871093977],[-120.037025610216006,34.5308501898296,918.012023925781023],[-120.037105404314005,34.530921451122097,916.454650878906023],[-120.037194810670997,34.531008944249102,915.065490722656023],[-120.037317130431006,34.531072601614703,915.183349609375],[-120.037434320149998,34.531129210322,914.6591796875],[-120.037532496286005,34.531216380555598,913.434875488281023],[-120.037628893892006,34.531310814459502,912.32470703125],[-120.037723454501005,34.531423968127697,911.335632324218977],[-120.037815143418996,34.531553310479097,909.713073730468977],[-120.037903249297003,34.531678725042497,908.537292480468977],[-120.037998331962996,34.5317701309528,907.586364746093977],[-120.038110256037996,34.5318348004688,908.085998535156023],[-120.038225870185997,34.531890179683998,907.472595214843977],[-120.038316969858997,34.531980223604997,905.846618652343977],[-120.038431370970997,34.532059208626599,904.436157226562045],[-120.038553621784999,34.5321383096773,903.526000976562045],[-120.038628819687005,34.532245084825803,902.479309082031023],[-120.038653306347996,34.532360222604197,901.352355957031023],[-120.038661102470996,34.532496716925998,900.096374511718977],[-120.038673511267007,34.532648803034498,898.63037109375],[-120.038719708448994,34.532782475083501,897.862121582031023],[-120.038851739764993,34.532871392648097,896.769470214843977],[-120.038990283977,34.532952901125597,895.152282714843977],[-120.039145045398001,34.5330037290341,894.459594726562045],[-120.039300649265996,34.533057787786802,894.148498535156023],[-120.039402218125005,34.533168019012102,893.744018554687955],[-120.039524416621006,34.533278039088799,892.495910644531023],[-120.039671512412994,34.533370457916199,890.998962402343977],[-120.039819029995996,34.533456030993001,890.368835449218977],[-120.039978962942001,34.533521404186502,889.446166992187955],[-120.040132858812996,34.533574500790699,888.471740722656023],[-120.040296301862995,34.533573920267301,887.782958984375],[-120.040451496933002,34.533517148277298,888.132019042968977],[-120.040602004172996,34.5334560277797,887.411437988281023],[-120.040752328452001,34.533433226577102,886.581420898437955],[-120.040882872994004,34.533479319331299,886.443542480468977],[-120.041041765790993,34.533568928708902,885.283813476562045],[-120.041121286560994,34.533638677189302,884.559387207031023],[-120.041186048594994,34.533678620282103,883.154968261718977],[-120.041238892763005,34.533684775008098,883.273010253906023],[-120.041270918997,34.533698480490898,882.872863769531023],[-120.041295346591994,34.533726546964502,882.577270507812045],[-120.041321166201996,34.533738758391102,882.046447753906023],[-120.041345032467007,34.533750072010697,881.863647460937955],[-120.041366758570007,34.5337621079481,881.685546875],[-120.041385593971995,34.533752402934901,881.1611328125],[-120.041381755790994,34.533770186779201,882.221313476562045],[-120.041360938818997,34.533763105110701,882.916748046875],[-120.041382901220004,34.533775363769301,883.756469726562045],[-120.041433058996006,34.533810920620198,883.822814941406023],[-120.041521849716005,34.533861650043903,883.126037597656023],[-120.041638749794998,34.533927614013798,881.571594238281023],[-120.041774952118999,34.533984702666899,880.224914550781023],[-120.041922670394996,34.534033374010498,879.647399902343977],[-120.042079714433996,34.534077437265701,878.086608886718977],[-120.042224269068001,34.534160040379597,876.499572753906023],[-120.042359703269,34.534248223281303,874.661315917968977],[-120.042507321718006,34.534330125589698,872.892028808593977],[-120.0426702603,34.534359464700103,872.371887207031023],[-120.042848296976004,34.534399939161197,870.458984375],[-120.043034953318994,34.534462292163603,868.899169921875],[-120.043192425659001,34.534531746073803,868.006225585937955],[-120.043312700857996,34.5346453140805,866.724426269531023],[-120.043456467648994,34.534762458748801,864.7041015625],[-120.043591553442994,34.534880385406403,863.747314453125],[-120.043714213681994,34.534972014401099,862.318115234375],[-120.043706951071002,34.535087450577301,861.534973144531023],[-120.043669246533995,34.535174894313101,860.690124511718977],[-120.043590639003,34.535267323313398,859.514831542968977],[-120.043511544558001,34.535368503167497,858.736206054687955],[-120.043549085926998,34.535491612334702,859.035034179687955],[-120.043672568931996,34.535536535456899,858.223022460937955],[-120.043809196786995,34.535556376390701,857.7734375],[-120.043957333538003,34.535557270555302,856.740356445312045],[-120.044112229855997,34.535537787029,856.522033691406023],[-120.044271381345993,34.535530653957103,855.606201171875],[-120.044454487851993,34.535546532231997,854.2841796875],[-120.044633983691,34.535566015423598,852.644165039062045],[-120.044824462292993,34.535574359487597,850.955139160156023],[-120.044998357525003,34.535567566074299,851.05029296875],[-120.045157599270993,34.535523825823297,849.661560058593977],[-120.045316557142002,34.535487761375997,848.498779296875],[-120.04546455597,34.535483240202801,847.278869628906023],[-120.045584241493998,34.535530700700598,846.668029785156023],[-120.045673489104004,34.5355965013268,845.839660644531023],[-120.045744364974993,34.535681813386702,845.137512207031023],[-120.045816236933007,34.535785713210402,844.131164550781023],[-120.045907119738004,34.535887941979098,843.434814453125],[-120.046041057631996,34.535918070058401,842.835693359375],[-120.046181787711006,34.535946493578599,842.05712890625],[-120.046302402265994,34.536027040816002,840.596740722656023],[-120.046435608438998,34.536102347639101,839.559875488281023],[-120.046576119443998,34.5361711740047,838.927734375],[-120.046719770530004,34.536205736536701,838.84716796875],[-120.046875360296994,34.536249284496101,838.0810546875],[-120.047036871133997,34.536298182008899,836.605895996093977],[-120.047211998389002,34.536342960171197,835.164245605468977],[-120.047387944408996,34.536387416527099,834.17138671875],[-120.047554458180997,34.536425372711797,833.034301757812045],[-120.047698712639004,34.536467386067301,831.558349609375],[-120.047839006233005,34.536458612367298,831.63330078125],[-120.047913486319004,34.5364333986847,831.03857421875],[-120.047956220360007,34.536402749882299,830.467895507812045],[-120.047996214454002,34.536363609090102,830.314025878906023],[-120.048038720579996,34.536289985985398,830.252258300781023],[-120.048076886256993,34.536155660118602,829.254272460937955],[-120.048209618388,34.536088918526801,827.516052246093977],[-120.048362462108003,34.5361477659564,825.456420898437955],[-120.048555919189994,34.536202606562398,824.1826171875],[-120.048748698655999,34.536199473566398,823.470886230468977],[-120.048831022995998,34.536332539796902,821.649841308593977],[-120.049055960732005,34.536432072802498,818.459167480468977],[-120.049231741336001,34.536422786321403,817.833740234375],[-120.049394942790002,34.536469408724798,816.040649414062045],[-120.049575828082993,34.536525733573399,815.423217773437955],[-120.049732354205005,34.5365938053326,814.126647949218977],[-120.049780364922995,34.536701480661698,813.332580566406023],[-120.049749917754994,34.536839989131501,811.985290527343977],[-120.049815666186007,34.537008484427403,810.634155273437955],[-120.049958882693005,34.537135413097801,809.77880859375],[-120.050134008824998,34.537173569974897,808.184265136718977],[-120.050306192880996,34.537165520351699,806.441223144531023],[-120.050479828761993,34.537162506780803,804.468933105468977],[-120.050625542117004,34.537150392511798,803.112487792968977],[-120.050714519088999,34.537125967318097,802.895629882812045],[-120.050759437425,34.537105010592597,802.552124023437955],[-120.050834585757997,34.537076337279601,801.998352050781023],[-120.050939694530001,34.537034614075601,800.644714355468977],[-120.051069372037006,34.536985526270101,800.281066894531023],[-120.051214808259004,34.536965578265097,799.065185546875],[-120.051344615467997,34.536955736534402,797.966735839843977],[-120.051441146030001,34.536920667374602,797.063293457031023],[-120.05149710549,34.536843239521303,795.716674804687955],[-120.051498335917003,34.536723550982401,792.964721679687955],[-120.051486248773998,34.536595642133797,791.30078125],[-120.051553660010995,34.5364635855858,789.642456054687955],[-120.051654692637996,34.536335254268103,788.70849609375],[-120.051781522496995,34.536227316180003,787.627746582031023],[-120.051927046238006,34.536142546260898,786.265930175781023],[-120.052043126398999,34.536037875592399,784.707153320312045],[-120.052120879311005,34.535928782382598,783.607055664062045],[-120.052196494811994,34.535810869850103,782.349365234375],[-120.052336798648994,34.535716195426502,781.337829589843977],[-120.052492545264002,34.5356664761334,780.724243164062045],[-120.052660200068999,34.535651180384299,779.410278320312045],[-120.052817285711996,34.535586313348503,778.489135742187955],[-120.052923631122994,34.535512765596899,777.479248046875],[-120.052999804595004,34.535432781800601,777.165710449218977],[-120.053042263015001,34.535338381405502,776.242553710937955],[-120.053033106353993,34.535234881561202,775.295959472656023],[-120.053007939645994,34.5351166934676,774.615417480468977],[-120.052979129218997,34.534989385416402,773.867980957031023],[-120.052934698754001,34.5348601683909,773.307067871093977],[-120.052871565678998,34.534742568169797,771.867370605468977],[-120.052785246867998,34.5346258148586,770.795288085937955],[-120.052736999057998,34.534498868918803,769.808227539062045],[-120.052726233434001,34.534360888752502,768.348571777343977],[-120.052746994581994,34.534221087652703,767.629943847656023],[-120.052826875592999,34.534112698738298,766.128051757812045],[-120.052954120335002,34.534033941868501,764.689575195312045],[-120.053114069344005,34.533972548917298,763.445983886718977],[-120.053280978863995,34.5339324899915,761.685974121093977],[-120.053452235281,34.533921930043903,760.546813964843977],[-120.053591470357006,34.5339277614586,759.461791992187955],[-120.053725137723006,34.533872914870201,758.022521972656023],[-120.053831375889004,34.533777580438397,756.424377441406023],[-120.053926084308003,34.533645078803801,753.941467285156023],[-120.054007233627004,34.533516972941797,752.347717285156023],[-120.054113529421997,34.533434173136897,751.107360839843977],[-120.054278338277996,34.533461250946502,750.461791992187955],[-120.054422678557003,34.533507085848498,750.012084960937955],[-120.054537492131999,34.533602808540898,749.364135742187955],[-120.054668703714,34.533706275668997,747.846984863281023],[-120.054772255494001,34.533832903061203,746.944213867187955],[-120.054937960630994,34.534014153067098,745.58203125],[-120.055078825684006,34.534112536803597,745.880187988281023],[-120.055249873310999,34.5341606381742,745.296936035156023],[-120.055434927817998,34.534192582735201,744.196411132812045],[-120.055630903864994,34.5342093978687,743.869689941406023],[-120.055829171357999,34.5342042814503,744.035888671875],[-120.055995016864998,34.534175865281199,743.299194335937955],[-120.056128986923,34.534179447313299,741.78515625],[-120.056235227664999,34.534220764575203,742.729675292968977],[-120.056312231236006,34.534302500803499,741.876281738281023],[-120.056388561616998,34.534419426781099,741.883361816406023],[-120.056423883033005,34.534566048334099,741.337707519531023],[-120.056496348430002,34.534653697430301,740.173583984375],[-120.056554862615002,34.534713070809502,740.57421875],[-120.056611670750996,34.534775532755397,740.911437988281023],[-120.056715351836999,34.534861978940903,740.442199707031023],[-120.056737592735004,34.5350040487697,740.300659179687955],[-120.056780612512995,34.535142426319702,740.061889648437955],[-120.056897852570003,34.535244120941798,739.217407226562045],[-120.057076186192006,34.5352898437081,737.646179199218977],[-120.057268763514003,34.535352995924399,737.68994140625],[-120.057418865158994,34.5353830802893,736.498229980468977],[-120.057376229870997,34.535372742988301,737.817138671875],[-120.057340370717995,34.535366385087499,738.383483886718977],[-120.057357038375997,34.5353808648537,736.039489746093977],[-120.057449534122,34.535405649336099,736.810241699218977],[-120.057550109209998,34.535399277861302,734.805358886718977],[-120.057654492061999,34.535380075700502,735.134582519531023],[-120.057768238704,34.535339748711699,734.668029785156023],[-120.057967662479996,34.535262158897602,734.304504394531023],[-120.058109311330995,34.535195752891298,732.96337890625],[-120.058239639804,34.535117567352799,732.424621582031023],[-120.058317042778995,34.534995727612198,730.718322753906023],[-120.058329321160997,34.534837421981301,729.002868652343977],[-120.058370108364002,34.534668120701703,728.26025390625],[-120.058457700413001,34.534506558859199,725.94287109375],[-120.058531994495993,34.534318463365402,723.850708007812045],[-120.058612942348006,34.534126746290603,721.820617675781023],[-120.058724302309997,34.533957910566599,719.916198730468977],[-120.058883000378998,34.5337986666581,717.377685546875],[-120.059011987968006,34.533643940368201,714.524353027343977],[-120.059106537651999,34.533486253789597,713.17431640625],[-120.059175889138004,34.533301203357802,710.484680175781023],[-120.059231797856995,34.533116936740797,708.461242675781023],[-120.059283854103001,34.5329463742153,706.24755859375],[-120.059297163893007,34.5328083219296,703.97314453125],[-120.059305789937,34.532708591383603,703.152770996093977],[-120.059347252400997,34.532615191231599,701.899841308593977],[-120.059436357422001,34.5325669263284,700.758422851562045],[-120.05949719841,34.532580696410697,700.25341796875],[-120.059521664203004,34.532568192868403,703.453063964843977],[-120.059542222049998,34.532575930717002,704.316528320312045],[-120.059554284181999,34.532602419301497,704.689819335937955],[-120.059597903083002,34.532621729162599,704.223693847656023],[-120.059657042424007,34.532646111159899,704.127868652343977],[-120.059737324123006,34.532680950383401,703.577453613281023],[-120.059828707286997,34.532713904738898,703.008850097656023],[-120.05992502302,34.532762549756399,702.487182617187955],[-120.060035108779999,34.532807225014402,701.551513671875],[-120.060136885508996,34.5328611594595,700.902465820312045],[-120.060230050610002,34.532906257380603,701.074035644531023],[-120.060295476018993,34.5329617240372,701.026733398437955],[-120.060368471971998,34.5329865414325,700.583862304687955],[-120.060430767102005,34.5330271624264,700.407897949218977],[-120.060487606269007,34.533064136492001,699.695617675781023],[-120.0605435895,34.533102681711597,699.15478515625],[-120.060591291744998,34.533153633020703,698.828308105468977],[-120.060662395826995,34.533194383323298,697.911315917968977],[-120.060730886811001,34.533249005425702,697.352844238281023],[-120.060806611483997,34.533307824540401,696.987915039062045],[-120.060862185486002,34.533370068520298,696.755615234375],[-120.060941176073001,34.533437018533299,695.901306152343977],[-120.061011091302007,34.533469366027198,695.115417480468977],[-120.061086421905998,34.533495350228598,695.28271484375],[-120.061162952190003,34.5335183773567,694.80078125],[-120.061254158218006,34.533527163711703,693.978393554687955],[-120.061368171647004,34.533517032805001,692.70068359375],[-120.061502272273003,34.533499418740199,692.373596191406023],[-120.061638817545003,34.533495481343401,692.314880371093977],[-120.061763266841993,34.5335247335844,691.705871582031023],[-120.061900799650005,34.533547360985601,692.048950195312045],[-120.062044825911997,34.533586834591603,691.760559082031023],[-120.062175233030004,34.533616655596902,691.858215332031023],[-120.062281997289006,34.533498476049601,690.978576660156023],[-120.062337630146999,34.533418042045902,691.3505859375],[-120.062377049508001,34.533349611622,691.085266113281023],[-120.062401208869005,34.533306647471001,690.444396972656023],[-120.062434710299996,34.533248467326999,690.182861328125],[-120.062475273323997,34.533164635040301,689.642395019531023],[-120.062505066380993,34.533065773256602,689.576599121093977],[-120.062487498945998,34.532962714029701,689.379333496093977],[-120.062489659272003,34.532853339960901,689.353210449218977],[-120.062527643530998,34.532751356259602,688.948974609375],[-120.062579117073,34.5326517944331,688.753601074218977],[-120.062629313930998,34.532549779025203,688.331176757812045],[-120.062685117510995,34.5324464850627,688.338256835937955],[-120.062749371536,34.532359260929098,688.609680175781023],[-120.062827930037002,34.532266835820899,688.364074707031023],[-120.062924606989995,34.532172894778,688.281616210937955],[-120.063068705166998,34.532111566424298,687.972229003906023],[-120.063233578417993,34.532126238900403,688.449462890625],[-120.063385763292999,34.532173842414899,688.036254882812045],[-120.063519121794997,34.532207057964001,688.207702636718977],[-120.063642757481006,34.532213638347699,687.639587402343977],[-120.063764839019996,34.532117830190998,687.340454101562045],[-120.063769241746002,34.5319508411268,688.369934082031023],[-120.063691603121001,34.531825146943703,688.337280273437955],[-120.063627113853002,34.531736175715999,688.594482421875],[-120.063666590308003,34.531634975631803,688.461608886718977],[-120.063799948213003,34.531605168820199,686.056701660156023],[-120.063937376029997,34.531623989971202,685.365966796875],[-120.064080627806007,34.531655998265897,684.520446777343977],[-120.064243693546004,34.531696197437903,683.426452636718977],[-120.064430374668007,34.531711836103597,682.58349609375],[-120.064625232945005,34.531679966829799,681.716735839843977],[-120.064814633796004,34.531597194810303,680.813415527343977],[-120.065036557639999,34.531568218689401,679.999755859375],[-120.065222743394003,34.531493546844601,678.070129394531023],[-120.065366657316005,34.531450375948502,677.291015625],[-120.065540448004995,34.531509880161003,675.798828125],[-120.065673006007998,34.531520996689402,675.250732421875],[-120.065747389218004,34.531525757321397,674.638122558593977],[-120.065810528041993,34.531526954542301,674.426330566406023],[-120.065842662761,34.531515292144199,675.345581054687955],[-120.065865185665999,34.531505897369101,677.512573242187955],[-120.065842388885002,34.5315154063628,681.807495117187955],[-120.065876935815993,34.531500996170301,681.359924316406023],[-120.065901511527002,34.531490745161499,680.452270507812045],[-120.065966976712005,34.531391378118499,680.267761230468977],[-120.065872776407005,34.531246518153701,680.123046875],[-120.065843776009999,34.5311801431357,678.829223632812045],[-120.065780898883006,34.5310849181175,675.867919921875],[-120.065737526310997,34.530966084207797,674.412109375],[-120.065742652954,34.530847137715099,671.640930175781023],[-120.065806581730001,34.530736148800699,670.798095703125],[-120.065911561514,34.5306279115363,670.359680175781023],[-120.066015439696997,34.530552064550903,669.703308105468977],[-120.066140144726006,34.530497005801003,667.953857421875],[-120.066204325281007,34.530380655623802,667.19921875],[-120.066232025995006,34.530245176064803,665.994140625],[-120.066262588482005,34.530112597462903,665.387145996093977],[-120.066335263699003,34.529987680449203,663.755615234375],[-120.066436451228995,34.529871229782003,662.402648925781023],[-120.066545885557005,34.529722331202898,661.240478515625],[-120.066531620967993,34.529546532258003,660.535827636718977],[-120.066626626049,34.529402645811601,658.438720703125],[-120.066716180122995,34.529289584521898,656.257690429687955],[-120.066747582046006,34.529187557463203,654.829772949218977],[-120.066695210836002,34.529063371261699,652.948486328125],[-120.066549507204996,34.529027077885402,651.994384765625],[-120.066407753866002,34.529001824675703,650.854187011718977],[-120.066371477627001,34.529001020162603,650.484802246093977],[-120.066348929330005,34.529000520115297,649.332336425781023],[-120.066322833656002,34.528991150008402,649.077331542968977],[-120.066331973429996,34.529009151993797,650.556396484375],[-120.066354297730001,34.529008435874097,650.5185546875],[-120.066380744154998,34.529003347939202,653.19580078125],[-120.066409345807998,34.529001612372802,653.257934570312045],[-120.066433960097001,34.529003700393197,653.0751953125],[-120.066458409583007,34.529005774513102,653.542541503906023],[-120.066412305165002,34.5290116594933,652.779541015625],[-120.066355002554005,34.528987744996599,652.65087890625],[-120.066302345772002,34.528983303716998,652.204467773437955],[-120.066256012669996,34.528971159826398,650.8076171875],[-120.066210254698007,34.528956856626699,649.535339355468977],[-120.066176757039997,34.5289460344463,649.138305664062045],[-120.066144574762006,34.5289330077348,648.837646484375],[-120.066100610942996,34.528905097141298,648.957458496093977],[-120.066087051359005,34.528890666520802,648.692016601562045],[-120.066089097217997,34.528871173100598,654.587707519531023],[-120.066082882288995,34.528888762945698,652.687927246093977],[-120.066083509074005,34.5288702026807,651.588134765625],[-120.066077686797001,34.528832076463701,651.253234863281023],[-120.066036616776003,34.528792802883501,650.817626953125],[-120.066018644669995,34.528752800419298,650.954284667968977],[-120.065996600096,34.528691563568202,649.788940429687955],[-120.066010351971002,34.528622631113898,649.813354492187955],[-120.066067455335002,34.5285394942388,648.455444335937955],[-120.066138348332998,34.528450262829502,647.378234863281023],[-120.066158877986993,34.528324583575497,647.222106933593977],[-120.066162949282997,34.528202063001203,647.498474121093977],[-120.066149223094001,34.528060242702601,646.379821777343977],[-120.066189600645004,34.527925440022599,643.992309570312045],[-120.066233636736001,34.527776049278998,643.649780273437955],[-120.066303111280007,34.527548977928902,641.377014160156023],[-120.066332728526007,34.527431977555601,640.189636230468977],[-120.066354549509995,34.527353664724501,639.130249023437955],[-120.066374689431996,34.5272954260058,638.6904296875],[-120.066390857703993,34.527261775440799,638.214965820312045],[-120.066403148198006,34.5272448424262,638.224609375],[-120.066423567319006,34.5272054027038,637.802551269531023],[-120.066527445402002,34.527143649506399,637.561218261718977],[-120.066658653499005,34.527125796351399,637.36572265625],[-120.066828264719007,34.527129555070097,636.276123046875],[-120.067061783035001,34.5270273416007,634.29736328125],[-120.067282447514998,34.526898504442897,633.504943847656023],[-120.067408591092999,34.526802938384101,631.062927246093977],[-120.067474412848,34.5266836269316,630.436645507812045],[-120.067412942979999,34.526715995985597,629.606567382812045],[-120.067383641559005,34.526695849755299,629.447448730468977],[-120.067416176883995,34.5267146261777,630.017150878906023],[-120.067358931114001,34.5266840958218,630.249206542968977],[-120.067260759928999,34.526592860282598,630.835693359375],[-120.067165610827999,34.526520938356398,630.085083007812045],[-120.067093362988004,34.526429103923299,628.823669433593977],[-120.067013196760996,34.526343205094904,627.447631835937955],[-120.066978203977996,34.526281065497599,627.161376953125],[-120.067038249600003,34.526220526405098,626.843994140625],[-120.067147539993002,34.526147175517799,626.404907226562045],[-120.067251898685996,34.526044356258502,625.953735351562045],[-120.067384342007003,34.525928033148098,624.870788574218977],[-120.067452649992006,34.525804055783901,625.413513183593977],[-120.067482409133007,34.525722896740398,624.140502929687955],[-120.067497704112,34.525665866306099,623.929382324218977],[-120.067496736314993,34.525615735447097,623.609069824218977],[-120.067496292193994,34.5255831242943,623.625061035156023],[-120.067476713833003,34.525551778825999,623.49755859375],[-120.067494598588993,34.525527232728102,623.383239746093977],[-120.067490950611003,34.525477880192902,622.710388183593977],[-120.067478141761995,34.525440412772497,622.05908203125],[-120.067491081118007,34.525413873186302,623.663269042968977],[-120.067488797828005,34.5253166101229,622.913696289062045],[-120.067481353001,34.525213601883202,621.696594238281023],[-120.067476219284998,34.525090479218001,620.685546875],[-120.067469655088004,34.524957736655502,619.115844726562045],[-120.067531666039002,34.524837339446698,617.557739257812045],[-120.067645921872,34.524737024018798,615.837463378906023],[-120.067763135,34.524619948265901,613.636596679687955],[-120.067860617153002,34.524476904377799,612.116516113281023],[-120.067916298661999,34.524363331461601,610.214233398437955],[-120.067934310493996,34.524223673940803,608.138061523437955],[-120.067945620380002,34.5241140581293,605.616821289062045],[-120.068096828265993,34.524095470993998,603.1904296875],[-120.068189855564995,34.524156831989899,602.467712402343977],[-120.068273151512003,34.524233885324698,602.205139160156023],[-120.068350688804003,34.524323701589701,600.960998535156023],[-120.068463285595001,34.524426963646299,600.974182128906023],[-120.068602781774999,34.524496888848603,601.18310546875],[-120.068746803351999,34.524542706995597,601.667846679687955],[-120.068869463317,34.524519365872301,602.057861328125],[-120.068962648015003,34.524466557739601,601.7041015625],[-120.069074883159999,34.524414385091497,600.501708984375],[-120.069219735811998,34.524361060715698,599.348022460937955],[-120.069338356933002,34.524276454266897,598.563415527343977],[-120.069384608568996,34.524171131604,597.302185058593977],[-120.069404453280995,34.524071958831499,596.32958984375],[-120.069454629084007,34.524005326522598,594.528686523437955],[-120.069495238349006,34.5239801054962,594.104858398437955],[-120.069533270757006,34.523966531237498,593.885681152343977],[-120.069584819355995,34.523957756248898,593.601257324218977],[-120.069643689098996,34.523964598933603,593.284057617187955],[-120.069694014378996,34.524004777281299,592.855773925781023],[-120.069749139913995,34.524029584223101,592.14794921875],[-120.069824854605002,34.524047257637498,591.903259277343977],[-120.069932141717004,34.524097830004401,590.945251464843977],[-120.070086543463006,34.524151129410797,589.568115234375],[-120.070251663479993,34.524216715900501,587.99267578125],[-120.070404738514995,34.524297991163898,586.704162597656023],[-120.070463505801996,34.524404006781602,586.170227050781023],[-120.070478763593997,34.5244290501793,585.70458984375],[-120.070526019354006,34.524510357227598,584.236267089843977],[-120.070569837801997,34.524577161237502,583.18505859375],[-120.070642322306,34.524656235228903,582.130737304687955],[-120.070735452932993,34.524725283690699,581.556762695312045],[-120.070810598365995,34.5247738111796,580.143371582031023],[-120.070882119277996,34.5248190173618,579.779663085937955],[-120.070959322082004,34.524863868351702,579.408081054687955],[-120.071044966062999,34.524896896218202,579.088562011718977],[-120.071139599044997,34.524905527453399,578.852783203125],[-120.071213614992004,34.524880306642302,578.458801269531023],[-120.071243924550004,34.524853595597399,579.078186035156023],[-120.071285526989996,34.524819491554801,578.144348144531023],[-120.071326130672006,34.524799445041801,577.700073242187955],[-120.071381303096004,34.524761328908902,576.555786132812045],[-120.071436966031996,34.524718289018303,575.665405273437955],[-120.071517066550001,34.524686902471899,576.039611816406023],[-120.071599654139007,34.524664484614298,575.920837402343977],[-120.071665682979997,34.524637970195798,575.512939453125],[-120.071720819411993,34.524638136898403,574.930358886718977],[-120.071768679013999,34.524623255025404,574.734619140625],[-120.071838345499998,34.524605636608101,574.124694824218977],[-120.071911067344999,34.524583328464303,573.208557128906023],[-120.071979584374006,34.524563012289804,572.175598144531023],[-120.072051252757007,34.524525557562903,570.588134765625],[-120.072110012812999,34.524465337559903,569.828125],[-120.072169899817993,34.524386503620399,569.650146484375],[-120.072216721695,34.5242892951877,569.015563964843977],[-120.072296960881999,34.524204446192201,567.995910644531023],[-120.072396181030001,34.524143871634003,566.196411132812045],[-120.072482341045003,34.524082607801297,565.242858886718977],[-120.072549449376993,34.523990888572101,564.9208984375],[-120.072589105887999,34.523886166210602,564.045837402343977],[-120.072646025303996,34.523801849441298,563.086303710937955],[-120.072728132532006,34.523730114827401,562.156982421875],[-120.072820319402993,34.523676960980303,560.927734375],[-120.072923686262001,34.523634735235603,559.557983398437955],[-120.073022642282993,34.523598178480697,558.325012207031023],[-120.073103751488006,34.523558420561798,556.5615234375],[-120.073191147935006,34.523537091085302,555.69775390625],[-120.073290044486001,34.523534909136899,554.92236328125],[-120.073371533656001,34.523525517277498,554.139892578125],[-120.073456471436003,34.523523375762501,553.854248046875],[-120.073554251922999,34.523527770751002,553.068481445312045],[-120.073639397297001,34.523531570344502,552.208068847656023],[-120.073687631940999,34.523533409174199,551.448303222656023],[-120.073748772824999,34.5235238663535,550.967834472656023],[-120.073812293507004,34.523530660203498,550.191101074218977],[-120.073879582496005,34.523531244312402,549.399230957031023],[-120.073955917215997,34.523506874895901,548.4638671875],[-120.073995206809002,34.523495057345599,547.42724609375],[-120.074017229652,34.523483486429001,548.074523925781023],[-120.074037611948,34.5234663830364,547.559143066406023],[-120.074052385908004,34.523407885816603,547.107604980468977],[-120.074059458451998,34.5233664489257,546.647766113281023],[-120.074059398719996,34.523323356130902,546.440612792968977],[-120.074060296721001,34.5232807976329,545.706176757812045],[-120.074064148681998,34.523229965758901,545.273315429687955],[-120.074087100363997,34.5231736876108,544.758483886718977],[-120.074160728162994,34.523142769605599,544.762878417968977],[-120.074237595971994,34.523116999048099,543.562316894531023],[-120.074304537139994,34.523078986474403,542.6875],[-120.074370188846004,34.523067158728502,541.861755371093977],[-120.074402843146999,34.523058940131897,540.824645996093977],[-120.074430826145999,34.523042590537202,540.683837890625],[-120.074491692953998,34.523046843989803,540.264892578125],[-120.074542620010007,34.523043396396901,539.464721679687955],[-120.074590997805998,34.523048397307399,538.951477050781023],[-120.074632364072997,34.523066195926397,538.464294433593977],[-120.074673155724,34.523099245857097,538.510498046875],[-120.074699982061006,34.523142180890098,538.526306152343977],[-120.074752105705997,34.523199605891698,538.247375488281023],[-120.074802908229998,34.523238510003999,538.474365234375],[-120.074875471501997,34.523239589378498,538.814575195312045],[-120.074927699289006,34.5232330936389,538.977722167968977],[-120.074988900188004,34.523193547410003,538.804565429687955],[-120.075032782446002,34.523134135912301,538.667724609375],[-120.075066500949006,34.523067886446903,538.776733398437955],[-120.075081654170006,34.522972320651199,539.118896484375],[-120.075070618414998,34.522862906265203,537.993591308593977],[-120.075064134154005,34.522785553790499,537.857177734375],[-120.075043614682997,34.522771815118702,537.137268066406023],[-120.075069653214001,34.522768875509598,536.718627929687955],[-120.075037520348005,34.522774651811901,536.488525390625],[-120.075059211940001,34.522768697184603,537.03076171875],[-120.075049165031999,34.5227357241425,536.652465820312045],[-120.075083646644003,34.522695150086598,536.8388671875],[-120.075099598815996,34.522647259616903,535.724243164062045],[-120.075115512043993,34.522630846847498,537.601928710937955],[-120.075128243370997,34.522609812358802,536.309387207031023],[-120.075159055219004,34.522553396803403,535.64794921875],[-120.075203217969005,34.522480404291002,534.18212890625],[-120.075235317641003,34.522358621081899,532.163635253906023],[-120.075261167438995,34.522267074109699,531.200439453125],[-120.075266109100994,34.522179493350798,531.185302734375],[-120.075280082519996,34.522120059384697,529.734375],[-120.075306121373998,34.522071083385903,529.04296875],[-120.075327454434003,34.522038609810799,528.543334960937955],[-120.075365646673006,34.521997898570497,528.431884765625],[-120.075422172775006,34.5219670515174,527.389343261718977],[-120.075480660362999,34.521941552195202,525.687683105468977],[-120.075542978987002,34.521916718194902,524.605346679687955],[-120.075609514343995,34.5218931290404,524.020141601562045],[-120.075678317062994,34.521856301885698,523.351440429687955],[-120.075735264860995,34.521803271072699,523.141174316406023],[-120.075785006977995,34.521735944240902,522.877563476562045],[-120.075826513612995,34.521662929135402,521.962341308593977],[-120.075860467210006,34.5215798643111,521.9453125],[-120.075871836285998,34.521517232217697,521.34423828125],[-120.075878809105006,34.5214743178026,521.372192382812045],[-120.075875360449999,34.5214464537084,520.979919433593977],[-120.075879022072002,34.521421547972402,520.469177246093977],[-120.075884471042002,34.521383265620102,520.165100097656023],[-120.075895146772993,34.5213289766061,519.045166015625],[-120.075937827746998,34.521267904759597,518.188903808593977],[-120.076006533013995,34.521201269276602,517.438293457031023],[-120.076087621854001,34.521133776286,515.783325195312045],[-120.076151950300996,34.521028041713201,513.905334472656023],[-120.076227566445993,34.520936204163803,511.965301513671989],[-120.076311262030998,34.520875373424502,509.990692138671989],[-120.076374843441997,34.520805661525003,508.474334716796989],[-120.076391284984993,34.520713558500901,507.576843261718977],[-120.076278469863993,34.520640628317203,507.060974121093977],[-120.076132091679,34.520628323925401,505.954071044921989],[-120.075966905851004,34.520626329158702,504.185028076171989],[-120.075782980777007,34.520587181924398,501.780883789061988],[-120.075623209325997,34.520517061244,499.155975341796989],[-120.075533458660999,34.520426425497,497.100158691406023],[-120.075523300769007,34.520342333436403,495.825805664061988],[-120.075590181286998,34.5202618053696,494.153656005858977],[-120.075723593611997,34.520192437663702,492.785003662108977],[-120.075868002575007,34.520107511876098,491.232238769531023],[-120.076023198919003,34.520037124344498,489.829559326171989],[-120.076198737875998,34.519992490570303,488.004180908203011],[-120.076402006725999,34.519967480646798,485.658355712891023],[-120.076612965753995,34.519907340222296,483.777648925781023],[-120.076819371289005,34.519777737010898,481.526794433593977],[-120.077012928312996,34.519631216285902,479.978271484375],[-120.077251471994003,34.5195189135653,477.790588378906023],[-120.077498963183999,34.519409704063399,475.810089111328011],[-120.077701074573,34.5193256409433,472.952789306641023],[-120.077809517638997,34.519249406592003,471.081420898438012],[-120.077845720528003,34.519175469741903,470.257781982421989],[-120.077826583394994,34.519112199231301,469.619293212891023],[-120.077778154559994,34.519075532474403,469.068817138671989],[-120.077746538125993,34.5190633014168,468.938171386718977],[-120.077716104331003,34.519052290221602,468.244232177733977],[-120.077686255656005,34.519032890028498,468.897216796875],[-120.077631986979,34.519014067937299,467.761566162108977],[-120.07759182945,34.518995513396199,467.146270751953011],[-120.077534502025003,34.518975791459802,466.634552001953011],[-120.077458791004005,34.518931718457502,465.136993408203011],[-120.077362953866995,34.518830948515202,463.700134277343977],[-120.077275590460005,34.518692515134198,462.292236328125],[-120.077153537878999,34.518409650027301,458.850921630858977],[-120.076969003889005,34.518116447661903,456.111450195311988],[-120.076696912627,34.517875224438399,452.599639892578011],[-120.076406821573997,34.5176810658565,449.259460449218977],[-120.076194689174997,34.5174652172375,445.031768798828011],[-120.076072380105998,34.517342984792599,442.828186035156023],[-120.075848771813995,34.517244097868002,439.045623779296989],[-120.075656268662996,34.517226063822001,436.827087402343977],[-120.075424997918006,34.517221220821597,434.827728271483977],[-120.075197592172003,34.517234587509499,432.515777587891023],[-120.075006481523999,34.517260877878201,430.528564453125],[-120.074826198332005,34.517236669306499,428.109161376953011],[-120.074657906446006,34.517164173951102,425.697906494141023],[-120.074537690190994,34.517075637715699,423.292785644531023],[-120.074413116867007,34.517009040146597,420.800842285156023],[-120.074298003414995,34.516989446282999,418.873382568358977],[-120.074166136130003,34.516965909868802,417.249237060546989],[-120.074007476839,34.516953061481701,415.211395263671989],[-120.073836168612004,34.516920179935198,412.745910644531023],[-120.073661950120993,34.516867055480098,410.084197998046989],[-120.073498302054006,34.5168209685134,408.139465332031023],[-120.073342866209003,34.516836569604997,406.639129638671989],[-120.073218458347995,34.516871550565597,404.267517089843977],[-120.073114511179995,34.516885534159698,401.743347167968977],[-120.073045127577004,34.5168173853775,401.03173828125],[-120.073015257856994,34.5167211467516,400.282379150391023],[-120.073026018194,34.5166355853966,399.551788330078011],[-120.073049572711,34.516545912982899,399.304656982421989],[-120.073065990211006,34.516457740927301,399.411529541016023],[-120.073077552634999,34.516350418880798,398.218322753906023],[-120.073051340489997,34.5162269195608,396.673248291016023],[-120.072997076038007,34.516083735147703,396.090850830078011],[-120.072977234456005,34.515956685073597,393.96044921875],[-120.072993650014993,34.515827326353403,392.213592529296989],[-120.072961258757005,34.515710981761003,390.448669433593977],[-120.072865845364007,34.515602658595597,388.021514892578011],[-120.072737321269997,34.515541392535098,387.4228515625],[-120.072613252644004,34.515502953649502,386.649078369141023],[-120.072533590949007,34.515476318719898,386.102264404296989],[-120.072423224952004,34.515447967944397,384.576873779296989],[-120.072272906196005,34.515403994378097,383.216857910156023],[-120.072107016727998,34.515354553019002,381.538024902343977],[-120.071896184492005,34.515280100855499,378.149353027343977],[-120.071689150313006,34.515203201518098,375.419921875],[-120.071511848366001,34.515134130325201,372.929077148438012],[-120.071381121913006,34.515110196695197,370.204650878906023],[-120.071293371210999,34.5150914894039,368.736968994141023],[-120.071258843826996,34.515088312400103,368.722137451171989],[-120.071237261657004,34.51511052971,368.700439453125],[-120.071264057956,34.515102775493098,368.100494384766023],[-120.071370768414994,34.515093203908101,369.503448486328011],[-120.071483951423005,34.5151167246661,371.449462890625],[-120.071574331438995,34.515159141397703,372.581115722656023],[-120.071750478184995,34.515269158440297,374.256469726561988],[-120.071879860669995,34.515299018459899,376.903137207031023],[-120.072026263870001,34.515357303121,378.811767578125],[-120.072150715451997,34.515403110478097,380.451507568358977],[-120.072193210340004,34.515414516465199,381.294250488281023],[-120.072256581811999,34.515413051598202,383.998596191406023],[-120.072303137524997,34.515423681444801,384.886566162108977],[-120.072336533590004,34.515416976014002,385.404663085938012],[-120.072409391573999,34.515435689083198,386.557037353516023],[-120.072495969190996,34.515485056740303,387.730316162108977],[-120.072529654226997,34.515495383539303,387.824157714843977],[-120.072628820393007,34.515535083466503,388.962036132811988],[-120.072742680477006,34.515584825871102,389.952178955078011],[-120.072830319467002,34.515657456496903,391.461608886718977],[-120.072861688448,34.515697004208299,392.031433105468977],[-120.072899602171006,34.515753768282003,393.52880859375],[-120.072918604337005,34.515812053869404,394.82861328125],[-120.072917791079007,34.515901712662803,396.317993164061988],[-120.072941461807005,34.516101380473003,398.492126464843977],[-120.073013547078006,34.5162692682445,399.957763671875],[-120.073020879409995,34.516413672186602,401.250457763671989],[-120.072999552620004,34.516534195007097,403.424194335938012],[-120.072980959719999,34.516592479113498,402.541259765625],[-120.072962411006003,34.516689978639498,403.425720214843977],[-120.073004792313995,34.516840237163997,403.812744140625],[-120.073088288571995,34.516906593476897,404.66015625],[-120.073197685126999,34.516912575851897,405.211334228516023],[-120.073320824152006,34.516869358816798,406.181274414061988],[-120.073481872453002,34.516834061666103,408.525268554688012],[-120.073658197548994,34.516867812869798,410.701782226561988],[-120.073837386966005,34.516951665746397,414.645324707031023],[-120.074028549757003,34.516961537847202,417.478759765625],[-120.074131793996997,34.516986330616298,419.259002685546989],[-120.074162885736001,34.516999276438902,419.5693359375],[-120.074176318946002,34.516974868561803,419.537750244141023],[-120.074178973528007,34.516996142753598,424.302673339843977],[-120.074203277219993,34.517002021556898,427.281219482421989],[-120.074181219126999,34.517011414633402,419.534942626953011],[-120.074243992944005,34.517006909199402,420.946685791016023],[-120.074349688634001,34.517011061014202,423.06640625],[-120.074492263991999,34.517071812119497,424.90576171875],[-120.074588659211997,34.5171464956438,426.963562011718977],[-120.074708544971998,34.517212085251401,427.980651855468977],[-120.074846612773996,34.517256612842502,429.221069335938012],[-120.075006088392001,34.5172751022074,430.380157470703011],[-120.075130619697006,34.517282922695699,431.503234863281023],[-120.075164867810997,34.517255519786701,431.372192382811988],[-120.075146027863994,34.517267204569897,430.421569824218977],[-120.075126574663997,34.517281985225303,431.449157714843977],[-120.075096919396998,34.517270444158001,430.915130615233977],[-120.074913111621996,34.517284827869602,429.760498046875],[-120.074732099309003,34.517199243186802,427.852172851561988],[-120.074584749720998,34.517113598802901,426.024688720703011],[-120.074511102722994,34.517059743302802,424.22265625],[-120.074485665460003,34.517042357915699,423.469268798828011],[-120.074460665348994,34.517033452448899,423.221740722656023],[-120.074420306156,34.517014703849,422.620239257811988],[-120.074329994863007,34.516997586661702,421.717315673828011],[-120.074193662401001,34.5169747279188,420.601959228516023],[-120.074025139737003,34.516936125429503,417.462036132811988],[-120.073796856130997,34.516893888199398,414.181976318358977],[-120.073583957325994,34.516828393056699,410.246490478516023],[-120.073393229895004,34.516824505408202,408.713195800781023],[-120.073253532722006,34.5168690798927,406.652587890625],[-120.073119840695,34.5168779182005,404.19873046875],[-120.073009988104005,34.516809312186702,402.825775146483977],[-120.073005373263996,34.516699351347299,401.843627929688012],[-120.073017742589002,34.516616512770398,401.735778808593977],[-120.073028387804996,34.516549693279103,401.436126708983977],[-120.073047129315995,34.516481670071499,401.050628662108977],[-120.073068185794995,34.516363163077102,400.209014892578011],[-120.073073061976999,34.516246872517698,398.560607910156023],[-120.073009605487997,34.516099672649403,396.971862792968977],[-120.072977356902996,34.515941545189101,394.352325439453011],[-120.072960043519004,34.515788444460497,392.441314697266023],[-120.072863395444003,34.515636807009201,390.565216064453011],[-120.072724771300997,34.515549863173099,388.947357177733977],[-120.072544849823004,34.515478894599298,387.449768066406023],[-120.072230630283002,34.515398784879103,383.648254394531023],[-120.071982379464998,34.515314116771897,379.843963623046989],[-120.071711493123999,34.515221985842899,376.605712890625],[-120.071534338291002,34.515144630111202,373.479553222656023],[-120.071407929901994,34.515115386395202,371.247283935546989],[-120.071238469286996,34.515107856943402,369.801177978516023],[-120.071090325390003,34.515198977699498,369.266265869141023],[-120.070968707234996,34.515265645848103,367.992767333983977],[-120.070842171934004,34.515281664202497,366.876312255858977],[-120.070740541557001,34.515234498374298,364.908447265625],[-120.070744789,34.515106093362903,364.077392578125],[-120.070820101503998,34.514987297995098,363.018768310546989],[-120.070980498454006,34.5149058159924,361.0234375],[-120.071154947338002,34.514818891946597,358.682830810546989],[-120.071324452560006,34.514724262031002,357.047576904296989],[-120.071539259177996,34.5146487543539,354.639038085938012],[-120.071794798694995,34.514628485676504,352.604583740233977],[-120.072029661122002,34.514622383436098,350.524139404296989],[-120.072253781914995,34.514603150935201,349.506896972656023],[-120.072422257002998,34.5145762601922,348.611053466796989],[-120.072503569177002,34.514518266895401,347.76220703125],[-120.072495361589006,34.514396639279198,345.48779296875],[-120.072262049947994,34.514371583048003,344.388366699218977],[-120.072035873003998,34.514374923982302,342.010650634766023],[-120.071786163097997,34.514355880984702,340.9287109375],[-120.071532384796996,34.514320350614703,341.367919921875],[-120.071284958191001,34.514345154172702,341.154449462891023],[-120.071104192218996,34.514430711726902,341.613525390625],[-120.070983593915997,34.5144432661683,340.870086669921989],[-120.070933999667005,34.5143934846772,339.140319824218977],[-120.071035202274004,34.514304342560102,338.301818847656023],[-120.071226886703002,34.514229247721303,336.22998046875],[-120.071470118779004,34.514186155124797,333.712219238281023],[-120.071730348076002,34.514188608485703,332.711303710938012],[-120.071974880946996,34.514156932056203,331.466339111328011],[-120.072222966222,34.514085321699703,329.369750976561988],[-120.072448177816,34.514084591542201,326.668060302733977],[-120.072504835345001,34.5140897198132,325.165130615233977],[-120.072530472848996,34.5140873454096,324.765258789061988],[-120.072603136726997,34.514075047040599,324.890808105468977],[-120.072695599186005,34.514046322435298,324.155792236328011],[-120.072825088065002,34.514010926684001,323.063171386718977],[-120.072988614153999,34.514017559049002,322.391815185546989],[-120.073154821211006,34.514044660729297,320.609771728516023],[-120.073319061169997,34.514060958435302,319.222137451171989],[-120.073472998301995,34.514018378651798,318.151245117188012],[-120.073587289496999,34.513893241336902,317.621368408203011],[-120.073688821337001,34.513758127976402,316.461395263671989],[-120.073806943639994,34.513705983355202,315.526763916016023],[-120.073929493291004,34.513713196238001,314.175994873046989],[-120.074054218683003,34.513735813561802,313.446624755858977],[-120.074194627802996,34.513756007011096,312.031860351561988],[-120.074336375173999,34.513774952857403,310.279449462891023],[-120.074415574648995,34.513780965157402,309.776519775391023],[-120.074463285090005,34.5137824870001,308.821197509766023],[-120.074508905338007,34.513772402734702,308.483489990233977],[-120.074530998200004,34.513762956109602,308.664398193358977],[-120.074580494759999,34.513722979289497,306.534881591796989],[-120.074615766418006,34.513668691579397,306.274658203125],[-120.074641789672,34.513593161935802,306.072357177733977],[-120.074690639747004,34.513517563844601,304.717834472656023],[-120.074756724422002,34.513445191761399,304.060607910156023],[-120.074858768298,34.513368477409898,302.568817138671989],[-120.074989013224993,34.513306962336998,300.441101074218977],[-120.075127668286001,34.513310665417599,298.398956298828011],[-120.075243425810001,34.5133668354148,297.132995605468977],[-120.075353574155002,34.513398046440997,296.018737792968977],[-120.075466776100001,34.513373855886996,295.071807861328011],[-120.075529224026994,34.513293277299901,293.2900390625],[-120.075525788836003,34.513207784129797,291.889129638671989],[-120.075480596781006,34.513141291376499,290.331146240233977],[-120.075422105597994,34.513118528926398,289.578399658203011]]]}}
]
}
